Date,Fund,Type,Open,Close,Dividend
6/1/2016,Vanguard Dividend Appreciation Index Fund (VIG),Income,81.5,83.239998,
7/1/2016,Vanguard Dividend Appreciation Index Fund (VIG),Income,83.279999,85.150002,0.446
8/1/2016,Vanguard Dividend Appreciation Index Fund (VIG),Income,85.120003,85.160004,
9/1/2016,Vanguard Dividend Appreciation Index Fund (VIG),Income,85.099998,83.93,0.393
10/1/2016,Vanguard Dividend Appreciation Index Fund (VIG),Income,83.739998,82.309998,
11/1/2016,Vanguard Dividend Appreciation Index Fund (VIG),Income,82.470001,84.760002,
12/1/2016,Vanguard Dividend Appreciation Index Fund (VIG),Income,84.900002,85.18,
1/1/2017,Vanguard Dividend Appreciation Index Fund (VIG),Income,85.550003,86.68,0.577
2/1/2017,Vanguard Dividend Appreciation Index Fund (VIG),Income,86.470001,90.43,
3/1/2017,Vanguard Dividend Appreciation Index Fund (VIG),Income,91.029999,89.940002,
4/1/2017,Vanguard Dividend Appreciation Index Fund (VIG),Income,90,91.489998,0.425
5/1/2017,Vanguard Dividend Appreciation Index Fund (VIG),Income,91.620003,92.93,
6/1/2017,Vanguard Dividend Appreciation Index Fund (VIG),Income,93.139999,92.669998,
7/1/2017,Vanguard Dividend Appreciation Index Fund (VIG),Income,92.989998,93.349998,0.518
8/1/2017,Vanguard Dividend Appreciation Index Fund (VIG),Income,93.589996,93.010002,
9/1/2017,Vanguard Dividend Appreciation Index Fund (VIG),Income,93.379997,94.790001,
10/1/2017,Vanguard Dividend Appreciation Index Fund (VIG),Income,94.889999,96.779999,0.43
11/1/2017,Vanguard Dividend Appreciation Index Fund (VIG),Income,96.970001,101.120003,
12/1/2017,Vanguard Dividend Appreciation Index Fund (VIG),Income,100.970001,102.029999,
1/1/2018,Vanguard Dividend Appreciation Index Fund (VIG),Income,102.360001,107.150002,0.546
2/1/2018,Vanguard Dividend Appreciation Index Fund (VIG),Income,106.699997,102.830002,
3/1/2018,Vanguard Dividend Appreciation Index Fund (VIG),Income,102.870003,101.050003,
4/1/2018,Vanguard Dividend Appreciation Index Fund (VIG),Income,100.809998,100.110001,0.566
5/1/2018,Vanguard Dividend Appreciation Index Fund (VIG),Income,99.760002,101.879997,
6/1/2018,Vanguard Dividend Appreciation Index Fund (VIG),Income,102.400002,101.620003,
7/1/2018,Vanguard Dividend Appreciation Index Fund (VIG),Income,101,106.379997,
8/1/2018,Vanguard Dividend Appreciation Index Fund (VIG),Income,106.150002,109.360001,
9/1/2018,Vanguard Dividend Appreciation Index Fund (VIG),Income,109.059998,110.699997,
10/1/2018,Vanguard Dividend Appreciation Index Fund (VIG),Income,111.190002,103.660004,0.498
11/1/2018,Vanguard Dividend Appreciation Index Fund (VIG),Income,103.870003,107.949997,
12/1/2018,Vanguard Dividend Appreciation Index Fund (VIG),Income,109.400002,97.949997,
1/1/2019,Vanguard Dividend Appreciation Index Fund (VIG),Income,96.519997,104.139999,0.51
2/1/2019,Vanguard Dividend Appreciation Index Fund (VIG),Income,104.239998,108.910004,
3/1/2019,Vanguard Dividend Appreciation Index Fund (VIG),Income,109.559998,109.639999,
4/1/2019,Vanguard Dividend Appreciation Index Fund (VIG),Income,110.330002,113.720001,
5/1/2019,Vanguard Dividend Appreciation Index Fund (VIG),Income,113.760002,108.449997,
6/1/2019,Vanguard Dividend Appreciation Index Fund (VIG),Income,108.529999,115.160004,
7/1/2019,Vanguard Dividend Appreciation Index Fund (VIG),Income,116.389999,117.730003,0.473
8/1/2019,Vanguard Dividend Appreciation Index Fund (VIG),Income,117.830002,118.419998,
9/1/2019,Vanguard Dividend Appreciation Index Fund (VIG),Income,117.800003,119.580002,
10/1/2019,Vanguard Dividend Appreciation Index Fund (VIG),Income,119.82,119.610001,0.552
11/1/2019,Vanguard Dividend Appreciation Index Fund (VIG),Income,120.220001,122.540001,
12/1/2019,Vanguard Dividend Appreciation Index Fund (VIG),Income,122.639999,124.660004,
1/1/2020,Vanguard Dividend Appreciation Index Fund (VIG),Income,125.139999,125.370003,0.599
2/1/2020,Vanguard Dividend Appreciation Index Fund (VIG),Income,125.900002,114.910004,
3/1/2020,Vanguard Dividend Appreciation Index Fund (VIG),Income,115.589996,103.389999,
4/1/2020,Vanguard Dividend Appreciation Index Fund (VIG),Income,99.470001,113.599998,0.474
5/1/2020,Vanguard Dividend Appreciation Index Fund (VIG),Income,112.059998,117.690002,
6/1/2020,Vanguard Dividend Appreciation Index Fund (VIG),Income,117.5,117.18,
7/1/2020,Vanguard Dividend Appreciation Index Fund (VIG),Income,117.309998,123.010002,0.601
8/1/2020,Vanguard Dividend Appreciation Index Fund (VIG),Income,123.459999,130.589996,
9/1/2020,Vanguard Dividend Appreciation Index Fund (VIG),Income,130.589996,128.660004,
10/1/2020,Vanguard Dividend Appreciation Index Fund (VIG),Income,129.539993,125.739998,0.558
11/1/2020,Vanguard Dividend Appreciation Index Fund (VIG),Income,127.440002,138.360001,
12/1/2020,Vanguard Dividend Appreciation Index Fund (VIG),Income,139.679993,141.169998,
1/1/2021,Vanguard Dividend Appreciation Index Fund (VIG),Income,141.610001,137.050003,0.664
2/1/2021,Vanguard Dividend Appreciation Index Fund (VIG),Income,138.300003,139.210007,
3/1/2021,Vanguard Dividend Appreciation Index Fund (VIG),Income,140.740005,147.080002,
4/1/2021,Vanguard Dividend Appreciation Index Fund (VIG),Income,147.479996,153.009995,0.513
5/1/2021,Vanguard Dividend Appreciation Index Fund (VIG),Income,153.759995,154.5,
6/1/2016,Schuab U.S. Divided Equity (SCHD),Income,40.470001,41.439999,
7/1/2016,Schuab U.S. Divided Equity (SCHD),Income,41.419998,42.619999,0.317
8/1/2016,Schuab U.S. Divided Equity (SCHD),Income,42.630001,42.48,
9/1/2016,Schuab U.S. Divided Equity (SCHD),Income,42.450001,42.310001,
10/1/2016,Schuab U.S. Divided Equity (SCHD),Income,42.25,41.650002,0.244
11/1/2016,Schuab U.S. Divided Equity (SCHD),Income,41.68,43.009998,
12/1/2016,Schuab U.S. Divided Equity (SCHD),Income,43.080002,43.57,
1/1/2017,Schuab U.S. Divided Equity (SCHD),Income,43.799999,43.360001,0.399
2/1/2017,Schuab U.S. Divided Equity (SCHD),Income,43.369999,44.84,
3/1/2017,Schuab U.S. Divided Equity (SCHD),Income,45.049999,44.580002,
4/1/2017,Schuab U.S. Divided Equity (SCHD),Income,44.599998,44.689999,0.326
5/1/2017,Schuab U.S. Divided Equity (SCHD),Income,44.75,45.470001,
6/1/2017,Schuab U.S. Divided Equity (SCHD),Income,45.5,45.099998,
7/1/2017,Schuab U.S. Divided Equity (SCHD),Income,45.209999,45.849998,0.331
8/1/2017,Schuab U.S. Divided Equity (SCHD),Income,45.93,45.84,
9/1/2017,Schuab U.S. Divided Equity (SCHD),Income,45.900002,46.799999,
10/1/2017,Schuab U.S. Divided Equity (SCHD),Income,46.830002,48.490002,0.344
11/1/2017,Schuab U.S. Divided Equity (SCHD),Income,48.639999,50.529999,
12/1/2017,Schuab U.S. Divided Equity (SCHD),Income,50.470001,51.169998,
1/1/2018,Schuab U.S. Divided Equity (SCHD),Income,51.360001,53.5,0.345
2/1/2018,Schuab U.S. Divided Equity (SCHD),Income,53.200001,50.490002,
3/1/2018,Schuab U.S. Divided Equity (SCHD),Income,50.509998,49.029999,
4/1/2018,Schuab U.S. Divided Equity (SCHD),Income,48.950001,48.48,0.262
5/1/2018,Schuab U.S. Divided Equity (SCHD),Income,48.290001,49.349998,
6/1/2018,Schuab U.S. Divided Equity (SCHD),Income,49.639999,49.290001,
7/1/2018,Schuab U.S. Divided Equity (SCHD),Income,48.990002,51.529999,0.406
8/1/2018,Schuab U.S. Divided Equity (SCHD),Income,51.380001,52.709999,
9/1/2018,Schuab U.S. Divided Equity (SCHD),Income,52.630001,53,
10/1/2018,Schuab U.S. Divided Equity (SCHD),Income,53.16,49.869999,0.367
11/1/2018,Schuab U.S. Divided Equity (SCHD),Income,49.990002,51.549999,
12/1/2018,Schuab U.S. Divided Equity (SCHD),Income,52.07,46.970001,0.405
1/1/2019,Schuab U.S. Divided Equity (SCHD),Income,46.34,49.810001,
2/1/2019,Schuab U.S. Divided Equity (SCHD),Income,49.919998,51.830002,
3/1/2019,Schuab U.S. Divided Equity (SCHD),Income,52.169998,52.279999,
4/1/2019,Schuab U.S. Divided Equity (SCHD),Income,52.59,53.959999,0.352
5/1/2019,Schuab U.S. Divided Equity (SCHD),Income,54.07,49.860001,
6/1/2019,Schuab U.S. Divided Equity (SCHD),Income,49.959999,53.07,
7/1/2019,Schuab U.S. Divided Equity (SCHD),Income,53.73,53.950001,0.421
8/1/2019,Schuab U.S. Divided Equity (SCHD),Income,53.91,53.25,
9/1/2019,Schuab U.S. Divided Equity (SCHD),Income,52.990002,54.779999,
10/1/2019,Schuab U.S. Divided Equity (SCHD),Income,54.959999,55.52,0.486
11/1/2019,Schuab U.S. Divided Equity (SCHD),Income,55.830002,57.09,
12/1/2019,Schuab U.S. Divided Equity (SCHD),Income,57.209999,57.919998,0.466
1/1/2020,Schuab U.S. Divided Equity (SCHD),Income,58.189999,56.900002,
2/1/2020,Schuab U.S. Divided Equity (SCHD),Income,57.130001,51.580002,
3/1/2020,Schuab U.S. Divided Equity (SCHD),Income,51.900002,44.98,
4/1/2020,Schuab U.S. Divided Equity (SCHD),Income,43.41,50.650002,0.442
5/1/2020,Schuab U.S. Divided Equity (SCHD),Income,49.91,52.52,
6/1/2020,Schuab U.S. Divided Equity (SCHD),Income,52.32,51.75,
7/1/2020,Schuab U.S. Divided Equity (SCHD),Income,52.029999,54.490002,0.442
8/1/2020,Schuab U.S. Divided Equity (SCHD),Income,54.709999,57.279999,
9/1/2020,Schuab U.S. Divided Equity (SCHD),Income,57.279999,55.299999,
10/1/2020,Schuab U.S. Divided Equity (SCHD),Income,55.580002,55.509998,0.543
11/1/2020,Schuab U.S. Divided Equity (SCHD),Income,56.25,62.82,
12/1/2020,Schuab U.S. Divided Equity (SCHD),Income,63.689999,64.139999,0.602
1/1/2021,Schuab U.S. Divided Equity (SCHD),Income,64.389999,63.560001,
2/1/2021,Schuab U.S. Divided Equity (SCHD),Income,64.07,67.410004,
3/1/2021,Schuab U.S. Divided Equity (SCHD),Income,68.279999,72.919998,
4/1/2021,Schuab U.S. Divided Equity (SCHD),Income,73.080002,74.529999,0.503
5/1/2021,Schuab U.S. Divided Equity (SCHD),Income,74.940002,76.120003,
6/1/2016,iShares International Select Dividend (IDV),Income,28.98,28.629999,
7/1/2016,iShares International Select Dividend (IDV),Income,28.690001,29.59,0.543
8/1/2016,iShares International Select Dividend (IDV),Income,29.440001,29.75,
9/1/2016,iShares International Select Dividend (IDV),Income,29.83,29.98,
10/1/2016,iShares International Select Dividend (IDV),Income,29.98,29.1,0.339
11/1/2016,iShares International Select Dividend (IDV),Income,29.24,28.790001,
12/1/2016,iShares International Select Dividend (IDV),Income,28.889999,29.559999,
1/1/2017,iShares International Select Dividend (IDV),Income,29.799999,30.59,0.166
2/1/2017,iShares International Select Dividend (IDV),Income,30.66,30.700001,
3/1/2017,iShares International Select Dividend (IDV),Income,30.82,31.459999,
4/1/2017,iShares International Select Dividend (IDV),Income,31.360001,31.809999,0.323
5/1/2017,iShares International Select Dividend (IDV),Income,31.959999,33.18,
6/1/2017,iShares International Select Dividend (IDV),Income,33.32,32.720001,
7/1/2017,iShares International Select Dividend (IDV),Income,32.700001,33.509998,0.568
8/1/2017,iShares International Select Dividend (IDV),Income,33.68,33.310001,
9/1/2017,iShares International Select Dividend (IDV),Income,33.490002,33.759998,
10/1/2017,iShares International Select Dividend (IDV),Income,33.68,33.490002,0.261
11/1/2017,iShares International Select Dividend (IDV),Income,33.630001,33.560001,
12/1/2017,iShares International Select Dividend (IDV),Income,33.490002,33.790001,
1/1/2018,iShares International Select Dividend (IDV),Income,33.950001,35.240002,0.378
2/1/2018,iShares International Select Dividend (IDV),Income,35.310001,33.389999,
3/1/2018,iShares International Select Dividend (IDV),Income,33.389999,33.009998,
4/1/2018,iShares International Select Dividend (IDV),Income,32.860001,34.009998,0.3
5/1/2018,iShares International Select Dividend (IDV),Income,33.990002,33.080002,
6/1/2018,iShares International Select Dividend (IDV),Income,33.150002,32.049999,
7/1/2018,iShares International Select Dividend (IDV),Income,31.700001,33.330002,0.611
8/1/2018,iShares International Select Dividend (IDV),Income,33.139999,32.619999,
9/1/2018,iShares International Select Dividend (IDV),Income,32.200001,32.630001,
10/1/2018,iShares International Select Dividend (IDV),Income,32.700001,30.73,0.324
11/1/2018,iShares International Select Dividend (IDV),Income,31.120001,30.99,
12/1/2018,iShares International Select Dividend (IDV),Income,31.299999,28.709999,
1/1/2019,iShares International Select Dividend (IDV),Income,28.41,30.83,0.468
2/1/2019,iShares International Select Dividend (IDV),Income,30.85,31.629999,
3/1/2019,iShares International Select Dividend (IDV),Income,31.76,30.860001,
4/1/2019,iShares International Select Dividend (IDV),Income,31.110001,31.690001,0.344
5/1/2019,iShares International Select Dividend (IDV),Income,31.780001,30.059999,
6/1/2019,iShares International Select Dividend (IDV),Income,30.07,30.719999,
7/1/2019,iShares International Select Dividend (IDV),Income,30.940001,29.950001,0.723
8/1/2019,iShares International Select Dividend (IDV),Income,30.07,29.48,
9/1/2019,iShares International Select Dividend (IDV),Income,29.190001,30.74,
10/1/2019,iShares International Select Dividend (IDV),Income,30.639999,31.889999,0.279
11/1/2019,iShares International Select Dividend (IDV),Income,32,32.380001,
12/1/2019,iShares International Select Dividend (IDV),Income,32.369999,33.57,
1/1/2020,iShares International Select Dividend (IDV),Income,33.849998,33.049999,0.383
2/1/2020,iShares International Select Dividend (IDV),Income,33.139999,30.15,
3/1/2020,iShares International Select Dividend (IDV),Income,29.99,22.6,
4/1/2020,iShares International Select Dividend (IDV),Income,21.709999,23.91,0.799
5/1/2020,iShares International Select Dividend (IDV),Income,23.450001,24.68,
6/1/2020,iShares International Select Dividend (IDV),Income,24.9,25.120001,
7/1/2020,iShares International Select Dividend (IDV),Income,25.09,25.4,0.297
8/1/2020,iShares International Select Dividend (IDV),Income,25.5,26.299999,
9/1/2020,iShares International Select Dividend (IDV),Income,26.27,24.93,
10/1/2020,iShares International Select Dividend (IDV),Income,25,24.25,0.302
11/1/2020,iShares International Select Dividend (IDV),Income,24.5,28.209999,
12/1/2020,iShares International Select Dividend (IDV),Income,28.559999,29.469999,0.214
1/1/2021,iShares International Select Dividend (IDV),Income,30.15,29.530001,
2/1/2021,iShares International Select Dividend (IDV),Income,29.93,30.809999,
3/1/2021,iShares International Select Dividend (IDV),Income,31.08,31.48,
4/1/2021,iShares International Select Dividend (IDV),Income,31.52,32.41,0.461
5/1/2021,iShares International Select Dividend (IDV),Income,32.610001,32.860001,
6/1/2016,Vanguard Short-Term Corporate Bond Index Fund (VCSH),Bonds,79.919998,80.839996,0.144
7/1/2016,Vanguard Short-Term Corporate Bond Index Fund (VCSH),Bonds,80.839996,80.93,0.144
8/1/2016,Vanguard Short-Term Corporate Bond Index Fund (VCSH),Bonds,80.849998,80.709999,0.143
9/1/2016,Vanguard Short-Term Corporate Bond Index Fund (VCSH),Bonds,80.57,80.550003,0.14
10/1/2016,Vanguard Short-Term Corporate Bond Index Fund (VCSH),Bonds,80.360001,80.32,0.14
11/1/2016,Vanguard Short-Term Corporate Bond Index Fund (VCSH),Bonds,80.18,79.419998,0.137
12/1/2016,Vanguard Short-Term Corporate Bond Index Fund (VCSH),Bonds,79.110001,79.370003,0.136
1/1/2017,Vanguard Short-Term Corporate Bond Index Fund (VCSH),Bonds,79.230003,79.620003,0.162
2/1/2017,Vanguard Short-Term Corporate Bond Index Fund (VCSH),Bonds,79.419998,79.779999,0.119
3/1/2017,Vanguard Short-Term Corporate Bond Index Fund (VCSH),Bonds,79.559998,79.739998,0.14
4/1/2017,Vanguard Short-Term Corporate Bond Index Fund (VCSH),Bonds,79.660004,79.919998,0.15
5/1/2017,Vanguard Short-Term Corporate Bond Index Fund (VCSH),Bonds,79.82,80.150002,0.147
6/1/2017,Vanguard Short-Term Corporate Bond Index Fund (VCSH),Bonds,79.940002,80.040001,0.15
7/1/2017,Vanguard Short-Term Corporate Bond Index Fund (VCSH),Bonds,79.959999,80.239998,0.149
8/1/2017,Vanguard Short-Term Corporate Bond Index Fund (VCSH),Bonds,80.099998,80.370003,0.151
9/1/2017,Vanguard Short-Term Corporate Bond Index Fund (VCSH),Bonds,80.199997,80.129997,0.151
10/1/2017,Vanguard Short-Term Corporate Bond Index Fund (VCSH),Bonds,80,80.040001,0.152
11/1/2017,Vanguard Short-Term Corporate Bond Index Fund (VCSH),Bonds,79.82,79.629997,0.153
12/1/2017,Vanguard Short-Term Corporate Bond Index Fund (VCSH),Bonds,79.470001,79.300003,0.153
1/1/2018,Vanguard Short-Term Corporate Bond Index Fund (VCSH),Bonds,79.269997,79.029999,0.173
2/1/2018,Vanguard Short-Term Corporate Bond Index Fund (VCSH),Bonds,78.919998,78.459999,0.143
3/1/2018,Vanguard Short-Term Corporate Bond Index Fund (VCSH),Bonds,78.360001,78.43,0.142
4/1/2018,Vanguard Short-Term Corporate Bond Index Fund (VCSH),Bonds,78.25,78.160004,0.183
5/1/2018,Vanguard Short-Term Corporate Bond Index Fund (VCSH),Bonds,78,78.290001,0.158
6/1/2018,Vanguard Short-Term Corporate Bond Index Fund (VCSH),Bonds,78.040001,78.099998,0.174
7/1/2018,Vanguard Short-Term Corporate Bond Index Fund (VCSH),Bonds,77.989998,78.160004,0.165
8/1/2018,Vanguard Short-Term Corporate Bond Index Fund (VCSH),Bonds,77.970001,78.400002,0.18
9/1/2018,Vanguard Short-Term Corporate Bond Index Fund (VCSH),Bonds,78.230003,78.160004,0.174
10/1/2018,Vanguard Short-Term Corporate Bond Index Fund (VCSH),Bonds,78,77.93,0.174
11/1/2018,Vanguard Short-Term Corporate Bond Index Fund (VCSH),Bonds,77.739998,77.68,0.19
12/1/2018,Vanguard Short-Term Corporate Bond Index Fund (VCSH),Bonds,77.5,77.940002,0.178
1/1/2019,Vanguard Short-Term Corporate Bond Index Fund (VCSH),Bonds,77.940002,78.980003,0.205
2/1/2019,Vanguard Short-Term Corporate Bond Index Fund (VCSH),Bonds,78.739998,79.010002,0.169
3/1/2019,Vanguard Short-Term Corporate Bond Index Fund (VCSH),Bonds,78.879997,79.760002,0.174
4/1/2019,Vanguard Short-Term Corporate Bond Index Fund (VCSH),Bonds,79.5,79.730003,0.215
5/1/2019,Vanguard Short-Term Corporate Bond Index Fund (VCSH),Bonds,79.540001,80.120003,0.191
6/1/2019,Vanguard Short-Term Corporate Bond Index Fund (VCSH),Bonds,80.019997,80.68,0.207
7/1/2019,Vanguard Short-Term Corporate Bond Index Fund (VCSH),Bonds,80.550003,80.589996,0.192
8/1/2019,Vanguard Short-Term Corporate Bond Index Fund (VCSH),Bonds,80.440002,81.279999,0.207
9/1/2019,Vanguard Short-Term Corporate Bond Index Fund (VCSH),Bonds,81.059998,81.050003,0.196
10/1/2019,Vanguard Short-Term Corporate Bond Index Fund (VCSH),Bonds,80.830002,81.269997,0.189
11/1/2019,Vanguard Short-Term Corporate Bond Index Fund (VCSH),Bonds,81.050003,81.080002,0.2
12/1/2019,Vanguard Short-Term Corporate Bond Index Fund (VCSH),Bonds,80.889999,81.029999,0.183
1/1/2020,Vanguard Short-Term Corporate Bond Index Fund (VCSH),Bonds,81.040001,81.769997,0.203
2/1/2020,Vanguard Short-Term Corporate Bond Index Fund (VCSH),Bonds,81.519997,82.110001,0.186
3/1/2020,Vanguard Short-Term Corporate Bond Index Fund (VCSH),Bonds,82.050003,79.099998,0.162
4/1/2020,Vanguard Short-Term Corporate Bond Index Fund (VCSH),Bonds,78.589996,81.080002,0.202
5/1/2020,Vanguard Short-Term Corporate Bond Index Fund (VCSH),Bonds,80.82,82.089996,0.169
6/1/2020,Vanguard Short-Term Corporate Bond Index Fund (VCSH),Bonds,81.93,82.660004,0.174
7/1/2020,Vanguard Short-Term Corporate Bond Index Fund (VCSH),Bonds,82.510002,83.099998,0.152
8/1/2020,Vanguard Short-Term Corporate Bond Index Fund (VCSH),Bonds,82.949997,83.089996,0.158
9/1/2020,Vanguard Short-Term Corporate Bond Index Fund (VCSH),Bonds,82.970001,82.849998,0.144
10/1/2020,Vanguard Short-Term Corporate Bond Index Fund (VCSH),Bonds,82.68,82.779999,0.141
11/1/2020,Vanguard Short-Term Corporate Bond Index Fund (VCSH),Bonds,82.709999,83.169998,0.14
12/1/2020,Vanguard Short-Term Corporate Bond Index Fund (VCSH),Bonds,83.010002,83.25,0.129
1/1/2021,Vanguard Short-Term Corporate Bond Index Fund (VCSH),Bonds,83.25,83.110001,0.131
2/1/2021,Vanguard Short-Term Corporate Bond Index Fund (VCSH),Bonds,83.050003,82.760002,0.125
3/1/2021,Vanguard Short-Term Corporate Bond Index Fund (VCSH),Bonds,82.68,82.5,0.109
4/1/2021,Vanguard Short-Term Corporate Bond Index Fund (VCSH),Bonds,82.419998,82.730003,0.116
5/1/2021,Vanguard Short-Term Corporate Bond Index Fund (VCSH),Bonds,82.599998,82.660004,0.107
6/1/2016,Fidelity U.S. Bond Index Fund (FXNAX),Bonds,11.77,11.96,
7/1/2016,Fidelity U.S. Bond Index Fund (FXNAX),Bonds,12,12.01,0.024
8/1/2016,Fidelity U.S. Bond Index Fund (FXNAX),Bonds,11.98,11.96,0.024
9/1/2016,Fidelity U.S. Bond Index Fund (FXNAX),Bonds,11.97,11.94,0.023
10/1/2016,Fidelity U.S. Bond Index Fund (FXNAX),Bonds,11.93,11.82,0.023
11/1/2016,Fidelity U.S. Bond Index Fund (FXNAX),Bonds,11.82,11.5,0.024
12/1/2016,Fidelity U.S. Bond Index Fund (FXNAX),Bonds,11.48,11.49,0.022
1/1/2017,Fidelity U.S. Bond Index Fund (FXNAX),Bonds,11.5,11.49,0.026
2/1/2017,Fidelity U.S. Bond Index Fund (FXNAX),Bonds,11.48,11.55,0.026
3/1/2017,Fidelity U.S. Bond Index Fund (FXNAX),Bonds,11.49,11.52,0.022
4/1/2017,Fidelity U.S. Bond Index Fund (FXNAX),Bonds,11.55,11.58,0.025
5/1/2017,Fidelity U.S. Bond Index Fund (FXNAX),Bonds,11.56,11.64,0.024
6/1/2017,Fidelity U.S. Bond Index Fund (FXNAX),Bonds,11.63,11.6,0.025
7/1/2017,Fidelity U.S. Bond Index Fund (FXNAX),Bonds,11.58,11.63,0.024
8/1/2017,Fidelity U.S. Bond Index Fund (FXNAX),Bonds,11.66,11.71,0.024
9/1/2017,Fidelity U.S. Bond Index Fund (FXNAX),Bonds,11.69,11.63,0.024
10/1/2017,Fidelity U.S. Bond Index Fund (FXNAX),Bonds,11.63,11.6,0.024
11/1/2017,Fidelity U.S. Bond Index Fund (FXNAX),Bonds,11.61,11.56,0.024
12/1/2017,Fidelity U.S. Bond Index Fund (FXNAX),Bonds,11.59,11.59,0.024
1/1/2018,Fidelity U.S. Bond Index Fund (FXNAX),Bonds,11.56,11.43,0.026
2/1/2018,Fidelity U.S. Bond Index Fund (FXNAX),Bonds,11.38,11.3,0.026
3/1/2018,Fidelity U.S. Bond Index Fund (FXNAX),Bonds,11.32,11.34,0.023
4/1/2018,Fidelity U.S. Bond Index Fund (FXNAX),Bonds,11.34,11.22,0.025
5/1/2018,Fidelity U.S. Bond Index Fund (FXNAX),Bonds,11.21,11.27,0.025
6/1/2018,Fidelity U.S. Bond Index Fund (FXNAX),Bonds,11.24,11.24,0.026
7/1/2018,Fidelity U.S. Bond Index Fund (FXNAX),Bonds,11.23,11.23,0.025
8/1/2018,Fidelity U.S. Bond Index Fund (FXNAX),Bonds,11.2,11.26,0.026
9/1/2018,Fidelity U.S. Bond Index Fund (FXNAX),Bonds,11.24,11.17,0.026
10/1/2018,Fidelity U.S. Bond Index Fund (FXNAX),Bonds,11.15,11.06,0.026
11/1/2018,Fidelity U.S. Bond Index Fund (FXNAX),Bonds,11.06,11.1,0.027
12/1/2018,Fidelity U.S. Bond Index Fund (FXNAX),Bonds,11.12,11.28,0.027
1/1/2019,Fidelity U.S. Bond Index Fund (FXNAX),Bonds,11.29,11.37,0.027
2/1/2019,Fidelity U.S. Bond Index Fund (FXNAX),Bonds,11.34,11.33,0.027
3/1/2019,Fidelity U.S. Bond Index Fund (FXNAX),Bonds,11.31,11.53,0.026
4/1/2019,Fidelity U.S. Bond Index Fund (FXNAX),Bonds,11.48,11.5,0.028
5/1/2019,Fidelity U.S. Bond Index Fund (FXNAX),Bonds,11.5,11.68,0.027
6/1/2019,Fidelity U.S. Bond Index Fund (FXNAX),Bonds,11.71,11.79,0.027
7/1/2019,Fidelity U.S. Bond Index Fund (FXNAX),Bonds,11.79,11.8,0.027
8/1/2019,Fidelity U.S. Bond Index Fund (FXNAX),Bonds,11.88,12.08,0.027
9/1/2019,Fidelity U.S. Bond Index Fund (FXNAX),Bonds,12.09,11.98,0.027
10/1/2019,Fidelity U.S. Bond Index Fund (FXNAX),Bonds,12.01,11.99,0.026
11/1/2019,Fidelity U.S. Bond Index Fund (FXNAX),Bonds,11.98,11.96,0.026
12/1/2019,Fidelity U.S. Bond Index Fund (FXNAX),Bonds,11.93,11.91,0.025
1/1/2020,Fidelity U.S. Bond Index Fund (FXNAX),Bonds,11.95,12.13,0.027
2/1/2020,Fidelity U.S. Bond Index Fund (FXNAX),Bonds,12.13,12.32,0.027
3/1/2020,Fidelity U.S. Bond Index Fund (FXNAX),Bonds,12.3,12.27,0.024
4/1/2020,Fidelity U.S. Bond Index Fund (FXNAX),Bonds,12.28,12.45,0.025
5/1/2020,Fidelity U.S. Bond Index Fund (FXNAX),Bonds,12.45,12.48,0.024
6/1/2020,Fidelity U.S. Bond Index Fund (FXNAX),Bonds,12.48,12.54,0.024
7/1/2020,Fidelity U.S. Bond Index Fund (FXNAX),Bonds,12.54,12.7,0.024
8/1/2020,Fidelity U.S. Bond Index Fund (FXNAX),Bonds,12.7,12.57,0.018
9/1/2020,Fidelity U.S. Bond Index Fund (FXNAX),Bonds,12.6,12.54,0.017
10/1/2020,Fidelity U.S. Bond Index Fund (FXNAX),Bonds,12.55,12.36,0.02
11/1/2020,Fidelity U.S. Bond Index Fund (FXNAX),Bonds,12.38,12.48,0.021
12/1/2020,Fidelity U.S. Bond Index Fund (FXNAX),Bonds,12.45,12.45,0.019
1/1/2021,Fidelity U.S. Bond Index Fund (FXNAX),Bonds,12.44,12.34,0.021
2/1/2021,Fidelity U.S. Bond Index Fund (FXNAX),Bonds,12.34,12.13,
3/1/2021,Fidelity U.S. Bond Index Fund (FXNAX),Bonds,12.11,11.96,
4/1/2021,Fidelity U.S. Bond Index Fund (FXNAX),Bonds,12,12.04,0.018
5/1/2021,Fidelity U.S. Bond Index Fund (FXNAX),Bonds,12.05,12.06,
6/1/2016,Invesco National AMT-Free Municipal Bond (PZA),Bonds,26.059999,26.540001,
7/1/2016,Invesco National AMT-Free Municipal Bond (PZA),Bonds,26.48,26.34,0.068
8/1/2016,Invesco National AMT-Free Municipal Bond (PZA),Bonds,26.299999,26.299999,0.066
9/1/2016,Invesco National AMT-Free Municipal Bond (PZA),Bonds,26.26,26.040001,0.063
10/1/2016,Invesco National AMT-Free Municipal Bond (PZA),Bonds,26.049999,25.76,0.062
11/1/2016,Invesco National AMT-Free Municipal Bond (PZA),Bonds,25.75,24.6,0.061
12/1/2016,Invesco National AMT-Free Municipal Bond (PZA),Bonds,24.5,24.889999,0.063
1/1/2017,Invesco National AMT-Free Municipal Bond (PZA),Bonds,24.860001,25.059999,0.063
2/1/2017,Invesco National AMT-Free Municipal Bond (PZA),Bonds,25.040001,25.139999,0.063
3/1/2017,Invesco National AMT-Free Municipal Bond (PZA),Bonds,25.049999,25.030001,0.063
4/1/2017,Invesco National AMT-Free Municipal Bond (PZA),Bonds,25.08,25.040001,0.064
5/1/2017,Invesco National AMT-Free Municipal Bond (PZA),Bonds,25.049999,25.530001,0.069
6/1/2017,Invesco National AMT-Free Municipal Bond (PZA),Bonds,25.549999,25.440001,0.067
7/1/2017,Invesco National AMT-Free Municipal Bond (PZA),Bonds,25.49,25.6,0.066
8/1/2017,Invesco National AMT-Free Municipal Bond (PZA),Bonds,25.57,25.709999,0.066
9/1/2017,Invesco National AMT-Free Municipal Bond (PZA),Bonds,25.700001,25.540001,0.066
10/1/2017,Invesco National AMT-Free Municipal Bond (PZA),Bonds,25.549999,25.530001,0.065
11/1/2017,Invesco National AMT-Free Municipal Bond (PZA),Bonds,25.540001,25.459999,0.064
12/1/2017,Invesco National AMT-Free Municipal Bond (PZA),Bonds,25.49,25.809999,0.068
1/1/2018,Invesco National AMT-Free Municipal Bond (PZA),Bonds,25.75,25.34,0.064
2/1/2018,Invesco National AMT-Free Municipal Bond (PZA),Bonds,25.34,25.040001,0.066
3/1/2018,Invesco National AMT-Free Municipal Bond (PZA),Bonds,25.059999,25.15,0.065
4/1/2018,Invesco National AMT-Free Municipal Bond (PZA),Bonds,25.15,24.969999,0.067
5/1/2018,Invesco National AMT-Free Municipal Bond (PZA),Bonds,24.959999,25.209999,0.067
6/1/2018,Invesco National AMT-Free Municipal Bond (PZA),Bonds,25.17,25.120001,0.066
7/1/2018,Invesco National AMT-Free Municipal Bond (PZA),Bonds,25.15,25.16,0.067
8/1/2018,Invesco National AMT-Free Municipal Bond (PZA),Bonds,25.129999,25.120001,0.067
9/1/2018,Invesco National AMT-Free Municipal Bond (PZA),Bonds,25.110001,24.790001,0.065
10/1/2018,Invesco National AMT-Free Municipal Bond (PZA),Bonds,24.799999,24.5,0.067
11/1/2018,Invesco National AMT-Free Municipal Bond (PZA),Bonds,24.5,24.67,0.068
12/1/2018,Invesco National AMT-Free Municipal Bond (PZA),Bonds,24.67,24.98,0.067
1/1/2019,Invesco National AMT-Free Municipal Bond (PZA),Bonds,24.969999,25.08,0.063
2/1/2019,Invesco National AMT-Free Municipal Bond (PZA),Bonds,25.1,25.16,0.066
3/1/2019,Invesco National AMT-Free Municipal Bond (PZA),Bonds,25.16,25.66,0.065
4/1/2019,Invesco National AMT-Free Municipal Bond (PZA),Bonds,25.639999,25.77,0.065
5/1/2019,Invesco National AMT-Free Municipal Bond (PZA),Bonds,25.799999,26.110001,0.066
6/1/2019,Invesco National AMT-Free Municipal Bond (PZA),Bonds,26.139999,26.129999,0.062
7/1/2019,Invesco National AMT-Free Municipal Bond (PZA),Bonds,26.120001,26.27,0.061
8/1/2019,Invesco National AMT-Free Municipal Bond (PZA),Bonds,26.299999,26.780001,0.06
9/1/2019,Invesco National AMT-Free Municipal Bond (PZA),Bonds,26.83,26.540001,0.053
10/1/2019,Invesco National AMT-Free Municipal Bond (PZA),Bonds,26.440001,26.459999,0.062
11/1/2019,Invesco National AMT-Free Municipal Bond (PZA),Bonds,26.450001,26.4,0.062
12/1/2019,Invesco National AMT-Free Municipal Bond (PZA),Bonds,26.43,26.459999,0.06
1/1/2020,Invesco National AMT-Free Municipal Bond (PZA),Bonds,26.48,26.870001,0.06
2/1/2020,Invesco National AMT-Free Municipal Bond (PZA),Bonds,26.85,27.27,0.061
3/1/2020,Invesco National AMT-Free Municipal Bond (PZA),Bonds,27.32,25.799999,0.058
4/1/2020,Invesco National AMT-Free Municipal Bond (PZA),Bonds,25.58,25.299999,0.058
5/1/2020,Invesco National AMT-Free Municipal Bond (PZA),Bonds,25.4,26.4,0.059
6/1/2020,Invesco National AMT-Free Municipal Bond (PZA),Bonds,26.360001,26.559999,0.061
7/1/2020,Invesco National AMT-Free Municipal Bond (PZA),Bonds,26.559999,26.950001,0.059
8/1/2020,Invesco National AMT-Free Municipal Bond (PZA),Bonds,26.969999,26.709999,0.053
9/1/2020,Invesco National AMT-Free Municipal Bond (PZA),Bonds,26.690001,26.629999,0.041
10/1/2020,Invesco National AMT-Free Municipal Bond (PZA),Bonds,26.6,26.440001,0.051
11/1/2020,Invesco National AMT-Free Municipal Bond (PZA),Bonds,26.43,26.98,0.052
12/1/2020,Invesco National AMT-Free Municipal Bond (PZA),Bonds,26.950001,27.110001,0.053
1/1/2021,Invesco National AMT-Free Municipal Bond (PZA),Bonds,27.1,27.200001,0.054
2/1/2021,Invesco National AMT-Free Municipal Bond (PZA),Bonds,27.24,26.6,0.055
3/1/2021,Invesco National AMT-Free Municipal Bond (PZA),Bonds,26.6,26.76,0.053
4/1/2021,Invesco National AMT-Free Municipal Bond (PZA),Bonds,26.77,27.02,0.054
5/1/2021,Invesco National AMT-Free Municipal Bond (PZA),Bonds,27.02,27.08,0.053
6/1/2016,Vanguard Growth Index Fund (VUG),Growth,107.830002,107.199997,0.323
7/1/2016,Vanguard Growth Index Fund (VUG),Growth,107.129997,112.330002,
8/1/2016,Vanguard Growth Index Fund (VUG),Growth,112.339996,111.980003,
9/1/2016,Vanguard Growth Index Fund (VUG),Growth,112.040001,112.290001,0.376
10/1/2016,Vanguard Growth Index Fund (VUG),Growth,112.110001,109.379997,
11/1/2016,Vanguard Growth Index Fund (VUG),Growth,109.629997,110.709999,
12/1/2016,Vanguard Growth Index Fund (VUG),Growth,110.82,111.480003,
1/1/2017,Vanguard Growth Index Fund (VUG),Growth,112.139999,115.410004,0.528
2/1/2017,Vanguard Growth Index Fund (VUG),Growth,115.940002,120.470001,
3/1/2017,Vanguard Growth Index Fund (VUG),Growth,121.349998,121.660004,
4/1/2017,Vanguard Growth Index Fund (VUG),Growth,121.760002,124.43,0.379
5/1/2017,Vanguard Growth Index Fund (VUG),Growth,124.790001,127.919998,
6/1/2017,Vanguard Growth Index Fund (VUG),Growth,128.279999,127.040001,
7/1/2017,Vanguard Growth Index Fund (VUG),Growth,127.709999,130.270004,0.341
8/1/2017,Vanguard Growth Index Fund (VUG),Growth,130.679993,131.800003,
9/1/2017,Vanguard Growth Index Fund (VUG),Growth,132.110001,132.75,
10/1/2017,Vanguard Growth Index Fund (VUG),Growth,133,136.589996,0.411
11/1/2017,Vanguard Growth Index Fund (VUG),Growth,137.089996,139.899994,
12/1/2017,Vanguard Growth Index Fund (VUG),Growth,139.589996,140.649994,
1/1/2018,Vanguard Growth Index Fund (VUG),Growth,141.289993,150.25,0.475
2/1/2018,Vanguard Growth Index Fund (VUG),Growth,149.649994,145.860001,
3/1/2018,Vanguard Growth Index Fund (VUG),Growth,146.009995,141.880005,
4/1/2018,Vanguard Growth Index Fund (VUG),Growth,141.25,142.270004,0.359
5/1/2018,Vanguard Growth Index Fund (VUG),Growth,142.169998,148.509995,
6/1/2018,Vanguard Growth Index Fund (VUG),Growth,149.320007,149.809998,
7/1/2018,Vanguard Growth Index Fund (VUG),Growth,148.820007,153.570007,0.419
8/1/2018,Vanguard Growth Index Fund (VUG),Growth,154.039993,160.740005,
9/1/2018,Vanguard Growth Index Fund (VUG),Growth,160.559998,161.039993,
10/1/2018,Vanguard Growth Index Fund (VUG),Growth,161.979996,146.440002,0.467
11/1/2018,Vanguard Growth Index Fund (VUG),Growth,146.869995,147.279999,
12/1/2018,Vanguard Growth Index Fund (VUG),Growth,150.350006,134.330002,
1/1/2019,Vanguard Growth Index Fund (VUG),Growth,131.910004,146.690002,0.527
2/1/2019,Vanguard Growth Index Fund (VUG),Growth,146.490005,152.100006,
3/1/2019,Vanguard Growth Index Fund (VUG),Growth,153.220001,156.419998,
4/1/2019,Vanguard Growth Index Fund (VUG),Growth,157.770004,163.779999,0.432
5/1/2019,Vanguard Growth Index Fund (VUG),Growth,164.529999,153.399994,
6/1/2019,Vanguard Growth Index Fund (VUG),Growth,153.25,163.389999,
7/1/2019,Vanguard Growth Index Fund (VUG),Growth,165.839996,167.139999,0.413
8/1/2019,Vanguard Growth Index Fund (VUG),Growth,167.330002,166.179993,
9/1/2019,Vanguard Growth Index Fund (VUG),Growth,165.119995,166.279999,
10/1/2019,Vanguard Growth Index Fund (VUG),Growth,166.839996,170.589996,0.385
11/1/2019,Vanguard Growth Index Fund (VUG),Growth,171.440002,177.399994,
12/1/2019,Vanguard Growth Index Fund (VUG),Growth,177.539993,182.169998,
1/1/2020,Vanguard Growth Index Fund (VUG),Growth,183.570007,187.869995,0.508
2/1/2020,Vanguard Growth Index Fund (VUG),Growth,188.729996,175.720001,
3/1/2020,Vanguard Growth Index Fund (VUG),Growth,177.740005,156.690002,
4/1/2020,Vanguard Growth Index Fund (VUG),Growth,151.029999,180.320007,0.398
5/1/2020,Vanguard Growth Index Fund (VUG),Growth,176.75,193.050003,
6/1/2020,Vanguard Growth Index Fund (VUG),Growth,193.020004,202.089996,
7/1/2020,Vanguard Growth Index Fund (VUG),Growth,202.139999,217.369995,0.419
8/1/2020,Vanguard Growth Index Fund (VUG),Growth,219.259995,239.309998,
9/1/2020,Vanguard Growth Index Fund (VUG),Growth,241.059998,227.610001,
10/1/2020,Vanguard Growth Index Fund (VUG),Growth,230.479996,220.770004,0.406
11/1/2020,Vanguard Growth Index Fund (VUG),Growth,222.580002,243.669998,
12/1/2020,Vanguard Growth Index Fund (VUG),Growth,245.669998,253.339996,
1/1/2021,Vanguard Growth Index Fund (VUG),Growth,254.460007,250.770004,0.461
2/1/2021,Vanguard Growth Index Fund (VUG),Growth,253.75,252.889999,
3/1/2021,Vanguard Growth Index Fund (VUG),Growth,256.75,257.040009,
4/1/2021,Vanguard Growth Index Fund (VUG),Growth,259.799988,274.809998,0.381
5/1/2021,Vanguard Growth Index Fund (VUG),Growth,276.149994,267.709991,
6/1/2016,ARK Innovation (ARKK),Growth,19.52,19.290001,
7/1/2016,ARK Innovation (ARKK),Growth,19.451,20.59,
8/1/2016,ARK Innovation (ARKK),Growth,20.709999,20.614,
9/1/2016,ARK Innovation (ARKK),Growth,20.469999,22.18,
10/1/2016,ARK Innovation (ARKK),Growth,22.209999,19.917,
11/1/2016,ARK Innovation (ARKK),Growth,20.059999,20.110001,
12/1/2016,ARK Innovation (ARKK),Growth,19.639999,20.049999,
1/1/2017,ARK Innovation (ARKK),Growth,20.458,22.091,
2/1/2017,ARK Innovation (ARKK),Growth,22.41,23.125,
3/1/2017,ARK Innovation (ARKK),Growth,23.296,23.959999,
4/1/2017,ARK Innovation (ARKK),Growth,24.110001,25.17,
5/1/2017,ARK Innovation (ARKK),Growth,25.48,28.35,
6/1/2017,ARK Innovation (ARKK),Growth,28.48,28.950001,
7/1/2017,ARK Innovation (ARKK),Growth,29.16,29.622,
8/1/2017,ARK Innovation (ARKK),Growth,29.83,34.141998,
9/1/2017,ARK Innovation (ARKK),Growth,34.369999,34.287998,
10/1/2017,ARK Innovation (ARKK),Growth,34.439999,35.509998,
11/1/2017,ARK Innovation (ARKK),Growth,35.759998,37.200001,
12/1/2017,ARK Innovation (ARKK),Growth,37.25,37.080002,
1/1/2018,ARK Innovation (ARKK),Growth,37.34,41.240002,0.488
2/1/2018,ARK Innovation (ARKK),Growth,40.689999,40.91,
3/1/2018,ARK Innovation (ARKK),Growth,41,39.07,
4/1/2018,ARK Innovation (ARKK),Growth,38.73,39.09,
5/1/2018,ARK Innovation (ARKK),Growth,39.029999,43.48,
6/1/2018,ARK Innovation (ARKK),Growth,43.84,44.98,
7/1/2018,ARK Innovation (ARKK),Growth,44.779999,44.549999,
8/1/2018,ARK Innovation (ARKK),Growth,44.650002,49.700001,
9/1/2018,ARK Innovation (ARKK),Growth,49.43,47.34,
10/1/2018,ARK Innovation (ARKK),Growth,48.349998,42.580002,
11/1/2018,ARK Innovation (ARKK),Growth,43.18,44.450001,
12/1/2018,ARK Innovation (ARKK),Growth,46,37.189999,
1/1/2019,ARK Innovation (ARKK),Growth,36.27,43.049999,1.168
2/1/2019,ARK Innovation (ARKK),Growth,43.009998,46.560001,
3/1/2019,ARK Innovation (ARKK),Growth,46.849998,46.73,
4/1/2019,ARK Innovation (ARKK),Growth,47.32,47.220001,
5/1/2019,ARK Innovation (ARKK),Growth,47.5,40.73,
6/1/2019,ARK Innovation (ARKK),Growth,40.73,47.98,
7/1/2019,ARK Innovation (ARKK),Growth,48.759998,48.459999,
8/1/2019,ARK Innovation (ARKK),Growth,48.459999,44.32,
9/1/2019,ARK Innovation (ARKK),Growth,43.950001,42.889999,
10/1/2019,ARK Innovation (ARKK),Growth,43.139999,44.23,
11/1/2019,ARK Innovation (ARKK),Growth,44.599998,50.43,
12/1/2019,ARK Innovation (ARKK),Growth,50.32,50.049999,
1/1/2020,ARK Innovation (ARKK),Growth,50.639999,51.799999,0.191
2/1/2020,ARK Innovation (ARKK),Growth,52.310001,52.84,
3/1/2020,ARK Innovation (ARKK),Growth,53.549999,44,
4/1/2020,ARK Innovation (ARKK),Growth,42.419998,55.330002,
5/1/2020,ARK Innovation (ARKK),Growth,53.82,62.82,
6/1/2020,ARK Innovation (ARKK),Growth,63.360001,71.309998,
7/1/2020,ARK Innovation (ARKK),Growth,71.470001,80.370003,
8/1/2020,ARK Innovation (ARKK),Growth,81.309998,95.330002,
9/1/2020,ARK Innovation (ARKK),Growth,96.449997,92,
10/1/2020,ARK Innovation (ARKK),Growth,93.389999,90.790001,
11/1/2020,ARK Innovation (ARKK),Growth,91.970001,112.370003,
12/1/2020,ARK Innovation (ARKK),Growth,114,124.489998,
1/1/2021,ARK Innovation (ARKK),Growth,126.220001,137.440002,2.044
2/1/2021,ARK Innovation (ARKK),Growth,139.979996,130.360001,
3/1/2021,ARK Innovation (ARKK),Growth,134.539993,119.949997,
4/1/2021,ARK Innovation (ARKK),Growth,122.959999,120.769997,
5/1/2021,ARK Innovation (ARKK),Growth,121.209999,111.550003,
6/1/2016,iShares Core S&P Mid-Cap (IJH),Growth,148.589996,149.389999,
7/1/2016,iShares Core S&P Mid-Cap (IJH),Growth,149.070007,155.580002,0.606
8/1/2016,iShares Core S&P Mid-Cap (IJH),Growth,155.729996,156.350006,
9/1/2016,iShares Core S&P Mid-Cap (IJH),Growth,156.529999,154.710007,
10/1/2016,iShares Core S&P Mid-Cap (IJH),Growth,154.25,150.570007,0.709
11/1/2016,iShares Core S&P Mid-Cap (IJH),Growth,150.960007,162.520004,
12/1/2016,iShares Core S&P Mid-Cap (IJH),Growth,163.320007,165.339996,
1/1/2017,iShares Core S&P Mid-Cap (IJH),Growth,166.970001,168.169998,0.796
2/1/2017,iShares Core S&P Mid-Cap (IJH),Growth,169.169998,172.449997,
3/1/2017,iShares Core S&P Mid-Cap (IJH),Growth,174.199997,171.220001,
4/1/2017,iShares Core S&P Mid-Cap (IJH),Growth,171.559998,172.589996,0.534
5/1/2017,iShares Core S&P Mid-Cap (IJH),Growth,173.220001,171.830002,
6/1/2017,iShares Core S&P Mid-Cap (IJH),Growth,172.440002,173.949997,
7/1/2017,iShares Core S&P Mid-Cap (IJH),Growth,174.669998,175.490005,0.602
8/1/2017,iShares Core S&P Mid-Cap (IJH),Growth,176.199997,172.809998,
9/1/2017,iShares Core S&P Mid-Cap (IJH),Growth,173.259995,178.899994,
10/1/2017,iShares Core S&P Mid-Cap (IJH),Growth,179.009995,182.960007,0.634
11/1/2017,iShares Core S&P Mid-Cap (IJH),Growth,184.059998,189.779999,
12/1/2017,iShares Core S&P Mid-Cap (IJH),Growth,189.929993,189.779999,
1/1/2018,iShares Core S&P Mid-Cap (IJH),Growth,190.479996,195.039993,0.493
2/1/2018,iShares Core S&P Mid-Cap (IJH),Growth,194.789993,186.460007,
3/1/2018,iShares Core S&P Mid-Cap (IJH),Growth,186.440002,187.570007,
4/1/2018,iShares Core S&P Mid-Cap (IJH),Growth,187.070007,186.960007,0.7
5/1/2018,iShares Core S&P Mid-Cap (IJH),Growth,186.660004,194.770004,
6/1/2018,iShares Core S&P Mid-Cap (IJH),Growth,196.020004,194.779999,
7/1/2018,iShares Core S&P Mid-Cap (IJH),Growth,193.649994,198.100006,0.848
8/1/2018,iShares Core S&P Mid-Cap (IJH),Growth,197.940002,204.350006,
9/1/2018,iShares Core S&P Mid-Cap (IJH),Growth,204.199997,201.289993,
10/1/2018,iShares Core S&P Mid-Cap (IJH),Growth,202.229996,182.050003,0.842
11/1/2018,iShares Core S&P Mid-Cap (IJH),Growth,182.860001,187.789993,
12/1/2018,iShares Core S&P Mid-Cap (IJH),Growth,190.350006,166.059998,
1/1/2019,iShares Core S&P Mid-Cap (IJH),Growth,163.860001,183.149994,0.465
2/1/2019,iShares Core S&P Mid-Cap (IJH),Growth,183.710007,191.160004,
3/1/2019,iShares Core S&P Mid-Cap (IJH),Growth,192.5,189.399994,
4/1/2019,iShares Core S&P Mid-Cap (IJH),Growth,190.820007,196.889999,0.701
5/1/2019,iShares Core S&P Mid-Cap (IJH),Growth,197.380005,181.139999,
6/1/2019,iShares Core S&P Mid-Cap (IJH),Growth,181.380005,194.259995,
7/1/2019,iShares Core S&P Mid-Cap (IJH),Growth,196.679993,196.259995,0.877
8/1/2019,iShares Core S&P Mid-Cap (IJH),Growth,196.600006,188.169998,
9/1/2019,iShares Core S&P Mid-Cap (IJH),Growth,186.770004,193.229996,
10/1/2019,iShares Core S&P Mid-Cap (IJH),Growth,193.809998,195.309998,0.858
11/1/2019,iShares Core S&P Mid-Cap (IJH),Growth,196.520004,201.100006,
12/1/2019,iShares Core S&P Mid-Cap (IJH),Growth,201.580002,205.820007,
1/1/2020,iShares Core S&P Mid-Cap (IJH),Growth,206.839996,200.460007,0.91
2/1/2020,iShares Core S&P Mid-Cap (IJH),Growth,201.5,181.449997,
3/1/2020,iShares Core S&P Mid-Cap (IJH),Growth,182.5,143.860001,
4/1/2020,iShares Core S&P Mid-Cap (IJH),Growth,137.130005,164.179993,0.801
5/1/2020,iShares Core S&P Mid-Cap (IJH),Growth,160.679993,176.119995,
6/1/2020,iShares Core S&P Mid-Cap (IJH),Growth,177.039993,177.820007,
7/1/2020,iShares Core S&P Mid-Cap (IJH),Growth,178.050003,185.929993,0.649
8/1/2020,iShares Core S&P Mid-Cap (IJH),Growth,187.210007,192.570007,
9/1/2020,iShares Core S&P Mid-Cap (IJH),Growth,192.259995,185.309998,
10/1/2020,iShares Core S&P Mid-Cap (IJH),Growth,186.259995,189.470001,0.833
11/1/2020,iShares Core S&P Mid-Cap (IJH),Growth,191.619995,216.520004,
12/1/2020,iShares Core S&P Mid-Cap (IJH),Growth,219.160004,229.830002,
1/1/2021,iShares Core S&P Mid-Cap (IJH),Growth,231.309998,233.25,0.66
2/1/2021,iShares Core S&P Mid-Cap (IJH),Growth,235.600006,249.220001,
3/1/2021,iShares Core S&P Mid-Cap (IJH),Growth,253.910004,260.279999,
4/1/2021,iShares Core S&P Mid-Cap (IJH),Growth,261.76001,271.76001,0.667
5/1/2021,iShares Core S&P Mid-Cap (IJH),Growth,274.140015,271.980011,
6/1/2016,Fidelity SAI U.S. Large Cap Index Fund (FLCPX),Large Cap,11.12,11.13,
7/1/2016,Fidelity SAI U.S. Large Cap Index Fund (FLCPX),Large Cap,11.16,11.55,
8/1/2016,Fidelity SAI U.S. Large Cap Index Fund (FLCPX),Large Cap,11.53,11.56,
9/1/2016,Fidelity SAI U.S. Large Cap Index Fund (FLCPX),Large Cap,11.56,11.56,
10/1/2016,Fidelity SAI U.S. Large Cap Index Fund (FLCPX),Large Cap,11.52,11.35,0.006
11/1/2016,Fidelity SAI U.S. Large Cap Index Fund (FLCPX),Large Cap,11.27,11.77,
12/1/2016,Fidelity SAI U.S. Large Cap Index Fund (FLCPX),Large Cap,11.73,11.92,
1/1/2017,Fidelity SAI U.S. Large Cap Index Fund (FLCPX),Large Cap,12.02,12.14,0.084
2/1/2017,Fidelity SAI U.S. Large Cap Index Fund (FLCPX),Large Cap,12.15,12.62,
3/1/2017,Fidelity SAI U.S. Large Cap Index Fund (FLCPX),Large Cap,12.8,12.64,
4/1/2017,Fidelity SAI U.S. Large Cap Index Fund (FLCPX),Large Cap,12.62,12.77,
5/1/2017,Fidelity SAI U.S. Large Cap Index Fund (FLCPX),Large Cap,12.79,12.95,
6/1/2017,Fidelity SAI U.S. Large Cap Index Fund (FLCPX),Large Cap,13.05,13.03,
7/1/2017,Fidelity SAI U.S. Large Cap Index Fund (FLCPX),Large Cap,13.06,13.3,
8/1/2017,Fidelity SAI U.S. Large Cap Index Fund (FLCPX),Large Cap,13.33,13.34,
9/1/2017,Fidelity SAI U.S. Large Cap Index Fund (FLCPX),Large Cap,13.36,13.5,
10/1/2017,Fidelity SAI U.S. Large Cap Index Fund (FLCPX),Large Cap,13.55,13.82,0.091
11/1/2017,Fidelity SAI U.S. Large Cap Index Fund (FLCPX),Large Cap,13.84,14.24,
12/1/2017,Fidelity SAI U.S. Large Cap Index Fund (FLCPX),Large Cap,14.21,14.28,
1/1/2018,Fidelity SAI U.S. Large Cap Index Fund (FLCPX),Large Cap,14.4,15.1,0.1
2/1/2018,Fidelity SAI U.S. Large Cap Index Fund (FLCPX),Large Cap,15.09,14.54,
3/1/2018,Fidelity SAI U.S. Large Cap Index Fund (FLCPX),Large Cap,14.35,14.17,
4/1/2018,Fidelity SAI U.S. Large Cap Index Fund (FLCPX),Large Cap,13.86,14.23,
5/1/2018,Fidelity SAI U.S. Large Cap Index Fund (FLCPX),Large Cap,14.26,14.57,
6/1/2018,Fidelity SAI U.S. Large Cap Index Fund (FLCPX),Large Cap,14.73,14.66,
7/1/2018,Fidelity SAI U.S. Large Cap Index Fund (FLCPX),Large Cap,14.71,15.21,
8/1/2018,Fidelity SAI U.S. Large Cap Index Fund (FLCPX),Large Cap,15.19,15.7,
9/1/2018,Fidelity SAI U.S. Large Cap Index Fund (FLCPX),Large Cap,15.68,15.64,
10/1/2018,Fidelity SAI U.S. Large Cap Index Fund (FLCPX),Large Cap,15.69,14.57,0.152
11/1/2018,Fidelity SAI U.S. Large Cap Index Fund (FLCPX),Large Cap,14.72,14.86,
12/1/2018,Fidelity SAI U.S. Large Cap Index Fund (FLCPX),Large Cap,15.03,13.38,
1/1/2019,Fidelity SAI U.S. Large Cap Index Fund (FLCPX),Large Cap,13.39,14.45,0.129
2/1/2019,Fidelity SAI U.S. Large Cap Index Fund (FLCPX),Large Cap,14.46,14.91,
3/1/2019,Fidelity SAI U.S. Large Cap Index Fund (FLCPX),Large Cap,15.02,15.2,0.007
4/1/2019,Fidelity SAI U.S. Large Cap Index Fund (FLCPX),Large Cap,15.38,15.82,
5/1/2019,Fidelity SAI U.S. Large Cap Index Fund (FLCPX),Large Cap,15.7,14.81,
6/1/2019,Fidelity SAI U.S. Large Cap Index Fund (FLCPX),Large Cap,14.77,15.86,
7/1/2019,Fidelity SAI U.S. Large Cap Index Fund (FLCPX),Large Cap,15.98,16.09,
8/1/2019,Fidelity SAI U.S. Large Cap Index Fund (FLCPX),Large Cap,15.94,15.83,
9/1/2019,Fidelity SAI U.S. Large Cap Index Fund (FLCPX),Large Cap,15.72,16,0.133
10/1/2019,Fidelity SAI U.S. Large Cap Index Fund (FLCPX),Large Cap,15.8,16.34,
11/1/2019,Fidelity SAI U.S. Large Cap Index Fund (FLCPX),Large Cap,16.5,16.93,
12/1/2019,Fidelity SAI U.S. Large Cap Index Fund (FLCPX),Large Cap,16.790001,17.290001,0.161
1/1/2020,Fidelity SAI U.S. Large Cap Index Fund (FLCPX),Large Cap,17.43,17.27,
2/1/2020,Fidelity SAI U.S. Large Cap Index Fund (FLCPX),Large Cap,17.4,15.85,
3/1/2020,Fidelity SAI U.S. Large Cap Index Fund (FLCPX),Large Cap,16.58,13.88,
4/1/2020,Fidelity SAI U.S. Large Cap Index Fund (FLCPX),Large Cap,13.27,15.66,
5/1/2020,Fidelity SAI U.S. Large Cap Index Fund (FLCPX),Large Cap,15.23,16.41,
6/1/2020,Fidelity SAI U.S. Large Cap Index Fund (FLCPX),Large Cap,16.469999,16.74,
7/1/2020,Fidelity SAI U.S. Large Cap Index Fund (FLCPX),Large Cap,16.82,17.68,
8/1/2020,Fidelity SAI U.S. Large Cap Index Fund (FLCPX),Large Cap,17.809999,18.950001,
9/1/2020,Fidelity SAI U.S. Large Cap Index Fund (FLCPX),Large Cap,19.09,18.01,0.212
10/1/2020,Fidelity SAI U.S. Large Cap Index Fund (FLCPX),Large Cap,18.110001,17.530001,
11/1/2020,Fidelity SAI U.S. Large Cap Index Fund (FLCPX),Large Cap,17.75,19.450001,
12/1/2020,Fidelity SAI U.S. Large Cap Index Fund (FLCPX),Large Cap,19.67,19.629999,0.139
1/1/2021,Fidelity SAI U.S. Large Cap Index Fund (FLCPX),Large Cap,19.34,19.43,
2/1/2021,Fidelity SAI U.S. Large Cap Index Fund (FLCPX),Large Cap,19.74,19.969999,
3/1/2021,Fidelity SAI U.S. Large Cap Index Fund (FLCPX),Large Cap,20.440001,20.84,
4/1/2021,Fidelity SAI U.S. Large Cap Index Fund (FLCPX),Large Cap,21.09,21.950001,
5/1/2021,Fidelity SAI U.S. Large Cap Index Fund (FLCPX),Large Cap,22.01,21.879999,
6/1/2016,Vanguard S&P 500 (VOO),Large Cap,191.880005,192.199997,
7/1/2016,Vanguard S&P 500 (VOO),Large Cap,192.089996,199.279999,0.953
8/1/2016,Vanguard S&P 500 (VOO),Large Cap,199.330002,199.520004,
9/1/2016,Vanguard S&P 500 (VOO),Large Cap,199.5,198.690002,
10/1/2016,Vanguard S&P 500 (VOO),Large Cap,198.179993,195.130005,0.883
11/1/2016,Vanguard S&P 500 (VOO),Large Cap,195.520004,202.399994,
12/1/2016,Vanguard S&P 500 (VOO),Large Cap,202.679993,205.309998,
1/1/2017,Vanguard S&P 500 (VOO),Large Cap,206.679993,208.970001,1.296
2/1/2017,Vanguard S&P 500 (VOO),Large Cap,209.619995,217.070007,
3/1/2017,Vanguard S&P 500 (VOO),Large Cap,218.899994,216.350006,
4/1/2017,Vanguard S&P 500 (VOO),Large Cap,216.509995,218.600006,0.998
5/1/2017,Vanguard S&P 500 (VOO),Large Cap,219.160004,221.669998,
6/1/2017,Vanguard S&P 500 (VOO),Large Cap,222.139999,222.059998,
7/1/2017,Vanguard S&P 500 (VOO),Large Cap,223.089996,226.639999,1.01
8/1/2017,Vanguard S&P 500 (VOO),Large Cap,227.300003,227.300003,
9/1/2017,Vanguard S&P 500 (VOO),Large Cap,227.759995,230.759995,
10/1/2017,Vanguard S&P 500 (VOO),Large Cap,231,236.130005,1.176
11/1/2017,Vanguard S&P 500 (VOO),Large Cap,237.029999,243.350006,
12/1/2017,Vanguard S&P 500 (VOO),Large Cap,243.25,245.289993,
1/1/2018,Vanguard S&P 500 (VOO),Large Cap,246.149994,258.98999,1.184
2/1/2018,Vanguard S&P 500 (VOO),Large Cap,258.290009,249.339996,
3/1/2018,Vanguard S&P 500 (VOO),Large Cap,249.529999,242.080002,
4/1/2018,Vanguard S&P 500 (VOO),Large Cap,241.190002,242.919998,1.084
5/1/2018,Vanguard S&P 500 (VOO),Large Cap,242.449997,248.789993,
6/1/2018,Vanguard S&P 500 (VOO),Large Cap,250.229996,249.509995,
7/1/2018,Vanguard S&P 500 (VOO),Large Cap,247.559998,258.399994,1.157
8/1/2018,Vanguard S&P 500 (VOO),Large Cap,258.640015,266.720001,
9/1/2018,Vanguard S&P 500 (VOO),Large Cap,266.350006,267.049988,
10/1/2018,Vanguard S&P 500 (VOO),Large Cap,268.459991,248.789993,1.207
11/1/2018,Vanguard S&P 500 (VOO),Large Cap,249.630005,253.479996,
12/1/2018,Vanguard S&P 500 (VOO),Large Cap,257.649994,229.809998,
1/1/2019,Vanguard S&P 500 (VOO),Large Cap,226.179993,248.009995,1.289
2/1/2019,Vanguard S&P 500 (VOO),Large Cap,248.309998,256.070007,
3/1/2019,Vanguard S&P 500 (VOO),Large Cap,257.809998,259.540009,
4/1/2019,Vanguard S&P 500 (VOO),Large Cap,261.459991,270.01001,1.455
5/1/2019,Vanguard S&P 500 (VOO),Large Cap,270.679993,252.869995,
6/1/2019,Vanguard S&P 500 (VOO),Large Cap,252.830002,269.149994,
7/1/2019,Vanguard S&P 500 (VOO),Large Cap,272.459991,273.079987,1.386
8/1/2019,Vanguard S&P 500 (VOO),Large Cap,273.279999,268.600006,
9/1/2019,Vanguard S&P 500 (VOO),Large Cap,266.829987,272.600006,
10/1/2019,Vanguard S&P 500 (VOO),Large Cap,273.440002,278.549988,1.301
11/1/2019,Vanguard S&P 500 (VOO),Large Cap,280.049988,288.649994,
12/1/2019,Vanguard S&P 500 (VOO),Large Cap,289.029999,295.799988,
1/1/2020,Vanguard S&P 500 (VOO),Large Cap,297.290009,295.690002,1.429
2/1/2020,Vanguard S&P 500 (VOO),Large Cap,297.119995,271.73999,
3/1/2020,Vanguard S&P 500 (VOO),Large Cap,274,236.820007,1.178
4/1/2020,Vanguard S&P 500 (VOO),Large Cap,227.919998,267.100006,
5/1/2020,Vanguard S&P 500 (VOO),Large Cap,262.140015,279.75,
6/1/2020,Vanguard S&P 500 (VOO),Large Cap,279.070007,283.429993,
7/1/2020,Vanguard S&P 500 (VOO),Large Cap,284.369995,300.100006,1.433
8/1/2020,Vanguard S&P 500 (VOO),Large Cap,301.649994,321.019989,
9/1/2020,Vanguard S&P 500 (VOO),Large Cap,321.809998,307.649994,
10/1/2020,Vanguard S&P 500 (VOO),Large Cap,310.160004,299.820007,1.309
11/1/2020,Vanguard S&P 500 (VOO),Large Cap,303.369995,332.640015,
12/1/2020,Vanguard S&P 500 (VOO),Large Cap,335.920013,343.690002,
1/1/2021,Vanguard S&P 500 (VOO),Large Cap,345.019989,340.179993,1.383
2/1/2021,Vanguard S&P 500 (VOO),Large Cap,343.630005,349.589996,
3/1/2021,Vanguard S&P 500 (VOO),Large Cap,354.549988,364.299988,
4/1/2021,Vanguard S&P 500 (VOO),Large Cap,366.200012,383.570007,1.263
5/1/2021,Vanguard S&P 500 (VOO),Large Cap,385.559998,382.170013,
6/1/2016,Schwab International Equity (SCHF),Large Cap,27.48,27.110001,
7/1/2016,Schwab International Equity (SCHF),Large Cap,27.15,28.209999,
8/1/2016,Schwab International Equity (SCHF),Large Cap,28.15,28.379999,
9/1/2016,Schwab International Equity (SCHF),Large Cap,28.5,28.790001,
10/1/2016,Schwab International Equity (SCHF),Large Cap,28.73,28.15,
11/1/2016,Schwab International Equity (SCHF),Large Cap,28.24,27.719999,
12/1/2016,Schwab International Equity (SCHF),Large Cap,27.709999,27.68,
1/1/2017,Schwab International Equity (SCHF),Large Cap,27.82,28.690001,0.713
2/1/2017,Schwab International Equity (SCHF),Large Cap,28.85,28.969999,
3/1/2017,Schwab International Equity (SCHF),Large Cap,29.18,29.870001,
4/1/2017,Schwab International Equity (SCHF),Large Cap,29.83,30.51,
5/1/2017,Schwab International Equity (SCHF),Large Cap,30.639999,31.57,
6/1/2017,Schwab International Equity (SCHF),Large Cap,31.700001,31.780001,
7/1/2017,Schwab International Equity (SCHF),Large Cap,31.76,32.689999,
8/1/2017,Schwab International Equity (SCHF),Large Cap,32.900002,32.650002,
9/1/2017,Schwab International Equity (SCHF),Large Cap,32.799999,33.470001,
10/1/2017,Schwab International Equity (SCHF),Large Cap,33.369999,34.080002,
11/1/2017,Schwab International Equity (SCHF),Large Cap,34.27,34.34,
12/1/2017,Schwab International Equity (SCHF),Large Cap,34.25,34.07,
1/1/2018,Schwab International Equity (SCHF),Large Cap,34.200001,35.720001,0.801
2/1/2018,Schwab International Equity (SCHF),Large Cap,35.630001,33.82,
3/1/2018,Schwab International Equity (SCHF),Large Cap,33.619999,33.709999,
4/1/2018,Schwab International Equity (SCHF),Large Cap,33.59,34.189999,
5/1/2018,Schwab International Equity (SCHF),Large Cap,34.169998,33.610001,
6/1/2018,Schwab International Equity (SCHF),Large Cap,33.84,33.049999,
7/1/2018,Schwab International Equity (SCHF),Large Cap,32.580002,33.880001,
8/1/2018,Schwab International Equity (SCHF),Large Cap,33.860001,33.240002,
9/1/2018,Schwab International Equity (SCHF),Large Cap,32.84,33.529999,
10/1/2018,Schwab International Equity (SCHF),Large Cap,33.66,30.709999,
11/1/2018,Schwab International Equity (SCHF),Large Cap,30.93,30.870001,
12/1/2018,Schwab International Equity (SCHF),Large Cap,31.35,28.35,0.868
1/1/2019,Schwab International Equity (SCHF),Large Cap,27.99,30.389999,
2/1/2019,Schwab International Equity (SCHF),Large Cap,30.4,31.120001,
3/1/2019,Schwab International Equity (SCHF),Large Cap,31.309999,31.309999,
4/1/2019,Schwab International Equity (SCHF),Large Cap,31.629999,32.209999,
5/1/2019,Schwab International Equity (SCHF),Large Cap,32.259998,30.530001,
6/1/2019,Schwab International Equity (SCHF),Large Cap,30.620001,32.09,
7/1/2019,Schwab International Equity (SCHF),Large Cap,32.41,31.459999,0.257
8/1/2019,Schwab International Equity (SCHF),Large Cap,31.450001,30.870001,
9/1/2019,Schwab International Equity (SCHF),Large Cap,30.690001,31.860001,
10/1/2019,Schwab International Equity (SCHF),Large Cap,31.780001,32.860001,
11/1/2019,Schwab International Equity (SCHF),Large Cap,33.07,33.27,
12/1/2019,Schwab International Equity (SCHF),Large Cap,33.259998,33.630001,0.734
1/1/2020,Schwab International Equity (SCHF),Large Cap,33.849998,32.669998,
2/1/2020,Schwab International Equity (SCHF),Large Cap,32.759998,30.26,
3/1/2020,Schwab International Equity (SCHF),Large Cap,30.18,25.84,
4/1/2020,Schwab International Equity (SCHF),Large Cap,24.940001,27.450001,
5/1/2020,Schwab International Equity (SCHF),Large Cap,26.959999,28.92,
6/1/2020,Schwab International Equity (SCHF),Large Cap,29.129999,29.75,
7/1/2020,Schwab International Equity (SCHF),Large Cap,29.700001,30.469999,0.239
8/1/2020,Schwab International Equity (SCHF),Large Cap,30.76,31.969999,
9/1/2020,Schwab International Equity (SCHF),Large Cap,31.969999,31.4,
10/1/2020,Schwab International Equity (SCHF),Large Cap,31.559999,30.32,
11/1/2020,Schwab International Equity (SCHF),Large Cap,30.65,34.619999,
12/1/2020,Schwab International Equity (SCHF),Large Cap,35.200001,36.009998,0.51
1/1/2021,Schwab International Equity (SCHF),Large Cap,36.740002,35.740002,
2/1/2021,Schwab International Equity (SCHF),Large Cap,36.240002,36.619999,
3/1/2021,Schwab International Equity (SCHF),Large Cap,37.080002,37.619999,
4/1/2021,Schwab International Equity (SCHF),Large Cap,37.869999,38.740002,
5/1/2021,Schwab International Equity (SCHF),Large Cap,39.040001,39.150002,
6/1/2016,Vanguard Mid-Cap Index Fund (VO),Mid Cap,123.57,123.629997,0.469
7/1/2016,Vanguard Mid-Cap Index Fund (VO),Mid Cap,123.370003,129.279999,
8/1/2016,Vanguard Mid-Cap Index Fund (VO),Mid Cap,129.25,129.419998,
9/1/2016,Vanguard Mid-Cap Index Fund (VO),Mid Cap,129.600006,129.440002,
10/1/2016,Vanguard Mid-Cap Index Fund (VO),Mid Cap,129.080002,125.470001,0.508
11/1/2016,Vanguard Mid-Cap Index Fund (VO),Mid Cap,125.629997,131.360001,
12/1/2016,Vanguard Mid-Cap Index Fund (VO),Mid Cap,131.850006,131.630005,
1/1/2017,Vanguard Mid-Cap Index Fund (VO),Mid Cap,132.850006,135.520004,0.648
2/1/2017,Vanguard Mid-Cap Index Fund (VO),Mid Cap,136.050003,139.649994,
3/1/2017,Vanguard Mid-Cap Index Fund (VO),Mid Cap,140.740005,139.240005,
4/1/2017,Vanguard Mid-Cap Index Fund (VO),Mid Cap,139.399994,140.869995,0.461
5/1/2017,Vanguard Mid-Cap Index Fund (VO),Mid Cap,141.210007,142.149994,
6/1/2017,Vanguard Mid-Cap Index Fund (VO),Mid Cap,142.539993,142.520004,
7/1/2017,Vanguard Mid-Cap Index Fund (VO),Mid Cap,143.300003,145.089996,0.471
8/1/2017,Vanguard Mid-Cap Index Fund (VO),Mid Cap,145.529999,144.210007,
9/1/2017,Vanguard Mid-Cap Index Fund (VO),Mid Cap,144.669998,147,
10/1/2017,Vanguard Mid-Cap Index Fund (VO),Mid Cap,147.020004,149.130005,0.508
11/1/2017,Vanguard Mid-Cap Index Fund (VO),Mid Cap,149.889999,153.830002,
12/1/2017,Vanguard Mid-Cap Index Fund (VO),Mid Cap,153.899994,154.779999,
1/1/2018,Vanguard Mid-Cap Index Fund (VO),Mid Cap,155.330002,161.369995,0.648
2/1/2018,Vanguard Mid-Cap Index Fund (VO),Mid Cap,160.889999,154.889999,
3/1/2018,Vanguard Mid-Cap Index Fund (VO),Mid Cap,154.809998,154.210007,
4/1/2018,Vanguard Mid-Cap Index Fund (VO),Mid Cap,153.710007,153.910004,0.515
5/1/2018,Vanguard Mid-Cap Index Fund (VO),Mid Cap,153.399994,156.710007,
6/1/2018,Vanguard Mid-Cap Index Fund (VO),Mid Cap,157.649994,157.639999,
7/1/2018,Vanguard Mid-Cap Index Fund (VO),Mid Cap,156.679993,161.630005,0.561
8/1/2018,Vanguard Mid-Cap Index Fund (VO),Mid Cap,161.339996,165.649994,
9/1/2018,Vanguard Mid-Cap Index Fund (VO),Mid Cap,165.470001,164.190002,
10/1/2018,Vanguard Mid-Cap Index Fund (VO),Mid Cap,164.860001,150.470001,0.755
11/1/2018,Vanguard Mid-Cap Index Fund (VO),Mid Cap,150.869995,153.990005,
12/1/2018,Vanguard Mid-Cap Index Fund (VO),Mid Cap,156.179993,138.179993,
1/1/2019,Vanguard Mid-Cap Index Fund (VO),Mid Cap,136.220001,152.649994,0.69
2/1/2019,Vanguard Mid-Cap Index Fund (VO),Mid Cap,152.979996,159.149994,
3/1/2019,Vanguard Mid-Cap Index Fund (VO),Mid Cap,160.220001,160.75,
4/1/2019,Vanguard Mid-Cap Index Fund (VO),Mid Cap,161.779999,166.720001,0.546
5/1/2019,Vanguard Mid-Cap Index Fund (VO),Mid Cap,167.059998,156.619995,
6/1/2019,Vanguard Mid-Cap Index Fund (VO),Mid Cap,156.660004,167.160004,
7/1/2019,Vanguard Mid-Cap Index Fund (VO),Mid Cap,169.050003,169.350006,0.571
8/1/2019,Vanguard Mid-Cap Index Fund (VO),Mid Cap,169.059998,164.679993,
9/1/2019,Vanguard Mid-Cap Index Fund (VO),Mid Cap,163.509995,167.600006,
10/1/2019,Vanguard Mid-Cap Index Fund (VO),Mid Cap,168.100006,169.460007,0.537
11/1/2019,Vanguard Mid-Cap Index Fund (VO),Mid Cap,170.350006,174.919998,
12/1/2019,Vanguard Mid-Cap Index Fund (VO),Mid Cap,175.089996,178.179993,
1/1/2020,Vanguard Mid-Cap Index Fund (VO),Mid Cap,179.139999,177.740005,0.991
2/1/2020,Vanguard Mid-Cap Index Fund (VO),Mid Cap,178.639999,162.149994,
3/1/2020,Vanguard Mid-Cap Index Fund (VO),Mid Cap,163.229996,131.649994,0.736
4/1/2020,Vanguard Mid-Cap Index Fund (VO),Mid Cap,127.339996,150.389999,
5/1/2020,Vanguard Mid-Cap Index Fund (VO),Mid Cap,147.740005,161.320007,
6/1/2020,Vanguard Mid-Cap Index Fund (VO),Mid Cap,161.449997,163.910004,
7/1/2020,Vanguard Mid-Cap Index Fund (VO),Mid Cap,164.139999,174.289993,0.66
8/1/2020,Vanguard Mid-Cap Index Fund (VO),Mid Cap,175.369995,179.839996,
9/1/2020,Vanguard Mid-Cap Index Fund (VO),Mid Cap,180.130005,176.259995,
10/1/2020,Vanguard Mid-Cap Index Fund (VO),Mid Cap,177.350006,176.139999,0.663
11/1/2020,Vanguard Mid-Cap Index Fund (VO),Mid Cap,178.309998,199.679993,
12/1/2020,Vanguard Mid-Cap Index Fund (VO),Mid Cap,201.940002,206.770004,
1/1/2021,Vanguard Mid-Cap Index Fund (VO),Mid Cap,207.979996,205.789993,0.937
2/1/2021,Vanguard Mid-Cap Index Fund (VO),Mid Cap,207.869995,216.779999,
3/1/2021,Vanguard Mid-Cap Index Fund (VO),Mid Cap,220,221.339996,
4/1/2021,Vanguard Mid-Cap Index Fund (VO),Mid Cap,222.779999,232.029999,0.631
5/1/2021,Vanguard Mid-Cap Index Fund (VO),Mid Cap,233.559998,230.119995,
6/1/2016,iShares Russell Mid-Cap ETF (IWR),Mid Cap,41.705002,42.049999,
7/1/2016,iShares Russell Mid-Cap ETF (IWR),Mid Cap,41.962502,43.724998,0.18
8/1/2016,iShares Russell Mid-Cap ETF (IWR),Mid Cap,43.785,43.615002,
9/1/2016,iShares Russell Mid-Cap ETF (IWR),Mid Cap,43.639999,43.580002,
10/1/2016,iShares Russell Mid-Cap ETF (IWR),Mid Cap,43.459999,42.197498,0.138
11/1/2016,iShares Russell Mid-Cap ETF (IWR),Mid Cap,42.307499,44.439999,
12/1/2016,iShares Russell Mid-Cap ETF (IWR),Mid Cap,44.607498,44.715,
1/1/2017,iShares Russell Mid-Cap ETF (IWR),Mid Cap,45.052502,45.7775,0.262
2/1/2017,iShares Russell Mid-Cap ETF (IWR),Mid Cap,45.974998,47.040001,
3/1/2017,iShares Russell Mid-Cap ETF (IWR),Mid Cap,47.497501,46.794998,
4/1/2017,iShares Russell Mid-Cap ETF (IWR),Mid Cap,46.884998,47.162498,0.154
5/1/2017,iShares Russell Mid-Cap ETF (IWR),Mid Cap,47.297501,47.5825,
6/1/2017,iShares Russell Mid-Cap ETF (IWR),Mid Cap,47.73,48.0275,
7/1/2017,iShares Russell Mid-Cap ETF (IWR),Mid Cap,48.23,48.552502,0.194
8/1/2017,iShares Russell Mid-Cap ETF (IWR),Mid Cap,48.737499,48.172501,
9/1/2017,iShares Russell Mid-Cap ETF (IWR),Mid Cap,48.302502,49.287498,
10/1/2017,iShares Russell Mid-Cap ETF (IWR),Mid Cap,49.325001,50.080002,0.211
11/1/2017,iShares Russell Mid-Cap ETF (IWR),Mid Cap,50.3675,51.787498,
12/1/2017,iShares Russell Mid-Cap ETF (IWR),Mid Cap,51.825001,52.032501,
1/1/2018,iShares Russell Mid-Cap ETF (IWR),Mid Cap,52.2425,53.9575,0.23
2/1/2018,iShares Russell Mid-Cap ETF (IWR),Mid Cap,53.790001,51.762501,
3/1/2018,iShares Russell Mid-Cap ETF (IWR),Mid Cap,51.712502,51.610001,
4/1/2018,iShares Russell Mid-Cap ETF (IWR),Mid Cap,51.467499,51.517502,0.173
5/1/2018,iShares Russell Mid-Cap ETF (IWR),Mid Cap,51.389999,52.6875,
6/1/2018,iShares Russell Mid-Cap ETF (IWR),Mid Cap,53.0075,53.035,
7/1/2018,iShares Russell Mid-Cap ETF (IWR),Mid Cap,52.73,54.119999,0.225
8/1/2018,iShares Russell Mid-Cap ETF (IWR),Mid Cap,54.0625,55.782501,
9/1/2018,iShares Russell Mid-Cap ETF (IWR),Mid Cap,55.732498,55.125,
10/1/2018,iShares Russell Mid-Cap ETF (IWR),Mid Cap,55.372501,50.560001,0.307
11/1/2018,iShares Russell Mid-Cap ETF (IWR),Mid Cap,50.689999,51.799999,
12/1/2018,iShares Russell Mid-Cap ETF (IWR),Mid Cap,52.34,46.48,
1/1/2019,iShares Russell Mid-Cap ETF (IWR),Mid Cap,45.869999,51.41,0.214
2/1/2019,iShares Russell Mid-Cap ETF (IWR),Mid Cap,51.540001,53.650002,
3/1/2019,iShares Russell Mid-Cap ETF (IWR),Mid Cap,54.040001,53.950001,
4/1/2019,iShares Russell Mid-Cap ETF (IWR),Mid Cap,54.349998,55.959999,0.185
5/1/2019,iShares Russell Mid-Cap ETF (IWR),Mid Cap,56.07,52.529999,
6/1/2019,iShares Russell Mid-Cap ETF (IWR),Mid Cap,52.580002,55.869999,
7/1/2019,iShares Russell Mid-Cap ETF (IWR),Mid Cap,56.549999,56.689999,0.193
8/1/2019,iShares Russell Mid-Cap ETF (IWR),Mid Cap,56.669998,55.07,
9/1/2019,iShares Russell Mid-Cap ETF (IWR),Mid Cap,54.75,55.950001,
10/1/2019,iShares Russell Mid-Cap ETF (IWR),Mid Cap,56.139999,56.549999,0.21
11/1/2019,iShares Russell Mid-Cap ETF (IWR),Mid Cap,56.860001,58.599998,
12/1/2019,iShares Russell Mid-Cap ETF (IWR),Mid Cap,58.639999,59.619999,
1/1/2020,iShares Russell Mid-Cap ETF (IWR),Mid Cap,59.880001,59.119999,0.264
2/1/2020,iShares Russell Mid-Cap ETF (IWR),Mid Cap,59.490002,54.080002,
3/1/2020,iShares Russell Mid-Cap ETF (IWR),Mid Cap,54.349998,43.169998,
4/1/2020,iShares Russell Mid-Cap ETF (IWR),Mid Cap,41.639999,49.34,0.266
5/1/2020,iShares Russell Mid-Cap ETF (IWR),Mid Cap,48.369999,52.900002,
6/1/2020,iShares Russell Mid-Cap ETF (IWR),Mid Cap,52.919998,53.599998,
7/1/2020,iShares Russell Mid-Cap ETF (IWR),Mid Cap,53.689999,56.77,0.163
8/1/2020,iShares Russell Mid-Cap ETF (IWR),Mid Cap,57.07,58.759998,
9/1/2020,iShares Russell Mid-Cap ETF (IWR),Mid Cap,58.720001,57.380001,
10/1/2020,iShares Russell Mid-Cap ETF (IWR),Mid Cap,57.799999,57.75,0.217
11/1/2020,iShares Russell Mid-Cap ETF (IWR),Mid Cap,58.459999,65.709999,
12/1/2020,iShares Russell Mid-Cap ETF (IWR),Mid Cap,66.470001,68.550003,
1/1/2021,iShares Russell Mid-Cap ETF (IWR),Mid Cap,68.82,68.349998,0.229
2/1/2021,iShares Russell Mid-Cap ETF (IWR),Mid Cap,69.050003,72.160004,
3/1/2021,iShares Russell Mid-Cap ETF (IWR),Mid Cap,73.239998,73.93,
4/1/2021,iShares Russell Mid-Cap ETF (IWR),Mid Cap,74.459999,77.699997,0.192
5/1/2021,iShares Russell Mid-Cap ETF (IWR),Mid Cap,78.239998,77.260002,
6/1/2016,John Hancock Multifactor Mid Cap (JHMM),Mid Cap,26.700001,26.450001,
7/1/2016,John Hancock Multifactor Mid Cap (JHMM),Mid Cap,26.620001,27.636,0.149
8/1/2016,John Hancock Multifactor Mid Cap (JHMM),Mid Cap,27.74,27.67,
9/1/2016,John Hancock Multifactor Mid Cap (JHMM),Mid Cap,27.52,27.77,
10/1/2016,John Hancock Multifactor Mid Cap (JHMM),Mid Cap,27.683001,27,
11/1/2016,John Hancock Multifactor Mid Cap (JHMM),Mid Cap,26.92,28.57,
12/1/2016,John Hancock Multifactor Mid Cap (JHMM),Mid Cap,28.629999,28.700001,
1/1/2017,John Hancock Multifactor Mid Cap (JHMM),Mid Cap,28.9,29.49,0.18
2/1/2017,John Hancock Multifactor Mid Cap (JHMM),Mid Cap,30.129999,30.450001,
3/1/2017,John Hancock Multifactor Mid Cap (JHMM),Mid Cap,30.75,30.43,
4/1/2017,John Hancock Multifactor Mid Cap (JHMM),Mid Cap,30.450001,30.667,
5/1/2017,John Hancock Multifactor Mid Cap (JHMM),Mid Cap,30.77,30.92,
6/1/2017,John Hancock Multifactor Mid Cap (JHMM),Mid Cap,30.9,31.15,
7/1/2017,John Hancock Multifactor Mid Cap (JHMM),Mid Cap,31.209999,31.559999,0.127
8/1/2017,John Hancock Multifactor Mid Cap (JHMM),Mid Cap,31.719999,31.4,
9/1/2017,John Hancock Multifactor Mid Cap (JHMM),Mid Cap,31.469999,32.279999,
10/1/2017,John Hancock Multifactor Mid Cap (JHMM),Mid Cap,32.369999,32.91,
11/1/2017,John Hancock Multifactor Mid Cap (JHMM),Mid Cap,33.279999,34.150002,
12/1/2017,John Hancock Multifactor Mid Cap (JHMM),Mid Cap,33.959999,34.110001,
1/1/2018,John Hancock Multifactor Mid Cap (JHMM),Mid Cap,34.240002,35.650002,0.179
2/1/2018,John Hancock Multifactor Mid Cap (JHMM),Mid Cap,35.563999,34.276001,
3/1/2018,John Hancock Multifactor Mid Cap (JHMM),Mid Cap,34.59,34.290001,
4/1/2018,John Hancock Multifactor Mid Cap (JHMM),Mid Cap,34.209999,34.040001,
5/1/2018,John Hancock Multifactor Mid Cap (JHMM),Mid Cap,34.080002,34.84,
6/1/2018,John Hancock Multifactor Mid Cap (JHMM),Mid Cap,35.110001,34.841999,
7/1/2018,John Hancock Multifactor Mid Cap (JHMM),Mid Cap,35.029999,35.84,0.137
8/1/2018,John Hancock Multifactor Mid Cap (JHMM),Mid Cap,35.849998,36.700001,
9/1/2018,John Hancock Multifactor Mid Cap (JHMM),Mid Cap,36.700001,36.5,
10/1/2018,John Hancock Multifactor Mid Cap (JHMM),Mid Cap,36.82,33.310001,
11/1/2018,John Hancock Multifactor Mid Cap (JHMM),Mid Cap,33.43,34.23,
12/1/2018,John Hancock Multifactor Mid Cap (JHMM),Mid Cap,34.66,30.440001,
1/1/2019,John Hancock Multifactor Mid Cap (JHMM),Mid Cap,30.030001,33.560001,0.276
2/1/2019,John Hancock Multifactor Mid Cap (JHMM),Mid Cap,33.630001,35.049999,
3/1/2019,John Hancock Multifactor Mid Cap (JHMM),Mid Cap,35.25,35.139999,
4/1/2019,John Hancock Multifactor Mid Cap (JHMM),Mid Cap,35.380001,36.639999,
5/1/2019,John Hancock Multifactor Mid Cap (JHMM),Mid Cap,36.709999,34.189999,
6/1/2019,John Hancock Multifactor Mid Cap (JHMM),Mid Cap,34.259998,36.5,
7/1/2019,John Hancock Multifactor Mid Cap (JHMM),Mid Cap,36.939999,37.009998,0.162
8/1/2019,John Hancock Multifactor Mid Cap (JHMM),Mid Cap,37.02,35.93,
9/1/2019,John Hancock Multifactor Mid Cap (JHMM),Mid Cap,35.68,36.82,
10/1/2019,John Hancock Multifactor Mid Cap (JHMM),Mid Cap,36.93,37.200001,
11/1/2019,John Hancock Multifactor Mid Cap (JHMM),Mid Cap,37.439999,38.59,
12/1/2019,John Hancock Multifactor Mid Cap (JHMM),Mid Cap,38.689999,39.16,
1/1/2020,John Hancock Multifactor Mid Cap (JHMM),Mid Cap,39.349998,38.720001,0.238
2/1/2020,John Hancock Multifactor Mid Cap (JHMM),Mid Cap,38.939999,35.189999,
3/1/2020,John Hancock Multifactor Mid Cap (JHMM),Mid Cap,35.43,28.41,
4/1/2020,John Hancock Multifactor Mid Cap (JHMM),Mid Cap,27.32,32.369999,
5/1/2020,John Hancock Multifactor Mid Cap (JHMM),Mid Cap,31.75,34.810001,
6/1/2020,John Hancock Multifactor Mid Cap (JHMM),Mid Cap,34.869999,35.119999,
7/1/2020,John Hancock Multifactor Mid Cap (JHMM),Mid Cap,35.200001,37.09,0.223
8/1/2020,John Hancock Multifactor Mid Cap (JHMM),Mid Cap,37.369999,38.41,
9/1/2020,John Hancock Multifactor Mid Cap (JHMM),Mid Cap,38.439999,37.619999,
10/1/2020,John Hancock Multifactor Mid Cap (JHMM),Mid Cap,37.82,38,
11/1/2020,John Hancock Multifactor Mid Cap (JHMM),Mid Cap,38.41,43,
12/1/2020,John Hancock Multifactor Mid Cap (JHMM),Mid Cap,43.619999,44.970001,
1/1/2021,John Hancock Multifactor Mid Cap (JHMM),Mid Cap,45.27,44.959999,0.246
2/1/2021,John Hancock Multifactor Mid Cap (JHMM),Mid Cap,45.389999,47.27,
3/1/2021,John Hancock Multifactor Mid Cap (JHMM),Mid Cap,48.18,49.130001,
4/1/2021,John Hancock Multifactor Mid Cap (JHMM),Mid Cap,49.389999,51.57,
5/1/2021,John Hancock Multifactor Mid Cap (JHMM),Mid Cap,51.93,51.57,
6/1/2016,Vanguard Small-Cap Value Index Fund (VBR),Small Cap,105.059998,105.309998,
7/1/2016,Vanguard Small-Cap Value Index Fund (VBR),Small Cap,105.220001,110.199997,0.32
8/1/2016,Vanguard Small-Cap Value Index Fund (VBR),Small Cap,110.230003,111,
9/1/2016,Vanguard Small-Cap Value Index Fund (VBR),Small Cap,111.059998,110.660004,
10/1/2016,Vanguard Small-Cap Value Index Fund (VBR),Small Cap,110.290001,107.43,0.655
11/1/2016,Vanguard Small-Cap Value Index Fund (VBR),Small Cap,107.610001,118.400002,
12/1/2016,Vanguard Small-Cap Value Index Fund (VBR),Small Cap,118.949997,121,
1/1/2017,Vanguard Small-Cap Value Index Fund (VBR),Small Cap,122.360001,121.790001,0.796
2/1/2017,Vanguard Small-Cap Value Index Fund (VBR),Small Cap,122.510002,124.239998,
3/1/2017,Vanguard Small-Cap Value Index Fund (VBR),Small Cap,125.639999,122.860001,
4/1/2017,Vanguard Small-Cap Value Index Fund (VBR),Small Cap,123.099998,123.349998,0.477
5/1/2017,Vanguard Small-Cap Value Index Fund (VBR),Small Cap,123.690002,120.389999,
6/1/2017,Vanguard Small-Cap Value Index Fund (VBR),Small Cap,120.809998,122.910004,
7/1/2017,Vanguard Small-Cap Value Index Fund (VBR),Small Cap,123.43,124.160004,0.42
8/1/2017,Vanguard Small-Cap Value Index Fund (VBR),Small Cap,124.639999,122.349998,
9/1/2017,Vanguard Small-Cap Value Index Fund (VBR),Small Cap,122.519997,127.790001,
10/1/2017,Vanguard Small-Cap Value Index Fund (VBR),Small Cap,127.940002,128.889999,0.617
11/1/2017,Vanguard Small-Cap Value Index Fund (VBR),Small Cap,129.649994,132.970001,
12/1/2017,Vanguard Small-Cap Value Index Fund (VBR),Small Cap,132.929993,132.779999,
1/1/2018,Vanguard Small-Cap Value Index Fund (VBR),Small Cap,133.320007,135.339996,0.862
2/1/2018,Vanguard Small-Cap Value Index Fund (VBR),Small Cap,134.919998,128.929993,
3/1/2018,Vanguard Small-Cap Value Index Fund (VBR),Small Cap,128.820007,129.419998,
4/1/2018,Vanguard Small-Cap Value Index Fund (VBR),Small Cap,129.160004,129.940002,0.566
5/1/2018,Vanguard Small-Cap Value Index Fund (VBR),Small Cap,129.75,135.809998,
6/1/2018,Vanguard Small-Cap Value Index Fund (VBR),Small Cap,136.600006,135.789993,
7/1/2018,Vanguard Small-Cap Value Index Fund (VBR),Small Cap,135.050003,139.169998,0.513
8/1/2018,Vanguard Small-Cap Value Index Fund (VBR),Small Cap,139.059998,142.529999,
9/1/2018,Vanguard Small-Cap Value Index Fund (VBR),Small Cap,142.339996,139.360001,
10/1/2018,Vanguard Small-Cap Value Index Fund (VBR),Small Cap,139.660004,126.75,0.783
11/1/2018,Vanguard Small-Cap Value Index Fund (VBR),Small Cap,127.120003,129.729996,
12/1/2018,Vanguard Small-Cap Value Index Fund (VBR),Small Cap,131.220001,114.059998,
1/1/2019,Vanguard Small-Cap Value Index Fund (VBR),Small Cap,112.599998,126.790001,0.817
2/1/2019,Vanguard Small-Cap Value Index Fund (VBR),Small Cap,127.029999,131.850006,
3/1/2019,Vanguard Small-Cap Value Index Fund (VBR),Small Cap,132.800003,128.729996,
4/1/2019,Vanguard Small-Cap Value Index Fund (VBR),Small Cap,129.460007,133.759995,0.59
5/1/2019,Vanguard Small-Cap Value Index Fund (VBR),Small Cap,134.080002,122.879997,
6/1/2019,Vanguard Small-Cap Value Index Fund (VBR),Small Cap,123.089996,130.539993,
7/1/2019,Vanguard Small-Cap Value Index Fund (VBR),Small Cap,131.910004,131.520004,0.741
8/1/2019,Vanguard Small-Cap Value Index Fund (VBR),Small Cap,131.580002,124.370003,
9/1/2019,Vanguard Small-Cap Value Index Fund (VBR),Small Cap,123.43,128.850006,
10/1/2019,Vanguard Small-Cap Value Index Fund (VBR),Small Cap,129.330002,131.100006,0.478
11/1/2019,Vanguard Small-Cap Value Index Fund (VBR),Small Cap,131.820007,134.350006,
12/1/2019,Vanguard Small-Cap Value Index Fund (VBR),Small Cap,134.669998,137.070007,
1/1/2020,Vanguard Small-Cap Value Index Fund (VBR),Small Cap,137.720001,132.449997,1.016
2/1/2020,Vanguard Small-Cap Value Index Fund (VBR),Small Cap,133.100006,118.970001,
3/1/2020,Vanguard Small-Cap Value Index Fund (VBR),Small Cap,119.709999,88.800003,0.4
4/1/2020,Vanguard Small-Cap Value Index Fund (VBR),Small Cap,85.410004,100.440002,
5/1/2020,Vanguard Small-Cap Value Index Fund (VBR),Small Cap,98.32,105.260002,
6/1/2020,Vanguard Small-Cap Value Index Fund (VBR),Small Cap,105.57,106.919998,
7/1/2020,Vanguard Small-Cap Value Index Fund (VBR),Small Cap,106.980003,110.440002,0.493
8/1/2020,Vanguard Small-Cap Value Index Fund (VBR),Small Cap,111.080002,115.550003,
9/1/2020,Vanguard Small-Cap Value Index Fund (VBR),Small Cap,115.330002,110.629997,
10/1/2020,Vanguard Small-Cap Value Index Fund (VBR),Small Cap,111.120003,114.099998,0.62
11/1/2020,Vanguard Small-Cap Value Index Fund (VBR),Small Cap,115.309998,133.979996,
12/1/2020,Vanguard Small-Cap Value Index Fund (VBR),Small Cap,135.929993,142.210007,
1/1/2021,Vanguard Small-Cap Value Index Fund (VBR),Small Cap,143.029999,145.110001,0.876
2/1/2021,Vanguard Small-Cap Value Index Fund (VBR),Small Cap,146.539993,157.869995,
3/1/2021,Vanguard Small-Cap Value Index Fund (VBR),Small Cap,161.039993,165.610001,
4/1/2021,Vanguard Small-Cap Value Index Fund (VBR),Small Cap,166.479996,172.25,0.636
5/1/2021,Vanguard Small-Cap Value Index Fund (VBR),Small Cap,173.75,174.270004,
6/1/2016,Schwab Fundamental U.S. Small Company Index (FNDA),Small Cap,29.379999,29.35,
7/1/2016,Schwab Fundamental U.S. Small Company Index (FNDA),Small Cap,29.389999,30.889999,0.103
8/1/2016,Schwab Fundamental U.S. Small Company Index (FNDA),Small Cap,30.889999,31.1,
9/1/2016,Schwab Fundamental U.S. Small Company Index (FNDA),Small Cap,31.09,31.139999,
10/1/2016,Schwab Fundamental U.S. Small Company Index (FNDA),Small Cap,30.950001,30.110001,0.115
11/1/2016,Schwab Fundamental U.S. Small Company Index (FNDA),Small Cap,30.18,33.23,
12/1/2016,Schwab Fundamental U.S. Small Company Index (FNDA),Small Cap,33.369999,34.099998,
1/1/2017,Schwab Fundamental U.S. Small Company Index (FNDA),Small Cap,34.48,34.240002,0.117
2/1/2017,Schwab Fundamental U.S. Small Company Index (FNDA),Small Cap,34.459999,34.889999,
3/1/2017,Schwab Fundamental U.S. Small Company Index (FNDA),Small Cap,35.299999,34.709999,
4/1/2017,Schwab Fundamental U.S. Small Company Index (FNDA),Small Cap,34.669998,34.84,0.111
5/1/2017,Schwab Fundamental U.S. Small Company Index (FNDA),Small Cap,34.970001,34.139999,
6/1/2017,Schwab Fundamental U.S. Small Company Index (FNDA),Small Cap,34.25,34.75,
7/1/2017,Schwab Fundamental U.S. Small Company Index (FNDA),Small Cap,34.880001,35.060001,0.091
8/1/2017,Schwab Fundamental U.S. Small Company Index (FNDA),Small Cap,35.209999,34.450001,
9/1/2017,Schwab Fundamental U.S. Small Company Index (FNDA),Small Cap,34.52,36.279999,
10/1/2017,Schwab Fundamental U.S. Small Company Index (FNDA),Small Cap,36.27,36.57,0.11
11/1/2017,Schwab Fundamental U.S. Small Company Index (FNDA),Small Cap,36.810001,37.950001,
12/1/2017,Schwab Fundamental U.S. Small Company Index (FNDA),Small Cap,37.959999,37.900002,
1/1/2018,Schwab Fundamental U.S. Small Company Index (FNDA),Small Cap,38.09,38.68,0.181
2/1/2018,Schwab Fundamental U.S. Small Company Index (FNDA),Small Cap,38.540001,36.91,
3/1/2018,Schwab Fundamental U.S. Small Company Index (FNDA),Small Cap,36.849998,37.240002,
4/1/2018,Schwab Fundamental U.S. Small Company Index (FNDA),Small Cap,37.139999,37.610001,0.07
5/1/2018,Schwab Fundamental U.S. Small Company Index (FNDA),Small Cap,37.57,39.459999,
6/1/2018,Schwab Fundamental U.S. Small Company Index (FNDA),Small Cap,39.709999,39.91,
7/1/2018,Schwab Fundamental U.S. Small Company Index (FNDA),Small Cap,39.689999,40.57,0.108
8/1/2018,Schwab Fundamental U.S. Small Company Index (FNDA),Small Cap,40.540001,41.68,
9/1/2018,Schwab Fundamental U.S. Small Company Index (FNDA),Small Cap,41.639999,40.720001,
10/1/2018,Schwab Fundamental U.S. Small Company Index (FNDA),Small Cap,40.889999,36.950001,0.149
11/1/2018,Schwab Fundamental U.S. Small Company Index (FNDA),Small Cap,37.110001,37.43,
12/1/2018,Schwab Fundamental U.S. Small Company Index (FNDA),Small Cap,37.950001,32.84,0.211
1/1/2019,Schwab Fundamental U.S. Small Company Index (FNDA),Small Cap,32.389999,36.52,0.01
2/1/2019,Schwab Fundamental U.S. Small Company Index (FNDA),Small Cap,36.580002,38.07,
3/1/2019,Schwab Fundamental U.S. Small Company Index (FNDA),Small Cap,38.34,37.240002,
4/1/2019,Schwab Fundamental U.S. Small Company Index (FNDA),Small Cap,37.5,38.66,0.075
5/1/2019,Schwab Fundamental U.S. Small Company Index (FNDA),Small Cap,38.75,35.41,
6/1/2019,Schwab Fundamental U.S. Small Company Index (FNDA),Small Cap,35.459999,37.689999,
7/1/2019,Schwab Fundamental U.S. Small Company Index (FNDA),Small Cap,38.110001,38.220001,0.141
8/1/2019,Schwab Fundamental U.S. Small Company Index (FNDA),Small Cap,38.200001,36.450001,
9/1/2019,Schwab Fundamental U.S. Small Company Index (FNDA),Small Cap,36.150002,37.759998,
10/1/2019,Schwab Fundamental U.S. Small Company Index (FNDA),Small Cap,37.880001,38.400002,0.151
11/1/2019,Schwab Fundamental U.S. Small Company Index (FNDA),Small Cap,38.580002,39.43,
12/1/2019,Schwab Fundamental U.S. Small Company Index (FNDA),Small Cap,39.5,40.240002,0.189
1/1/2020,Schwab Fundamental U.S. Small Company Index (FNDA),Small Cap,40.490002,38.560001,
2/1/2020,Schwab Fundamental U.S. Small Company Index (FNDA),Small Cap,38.740002,34.75,
3/1/2020,Schwab Fundamental U.S. Small Company Index (FNDA),Small Cap,34.889999,25.870001,
4/1/2020,Schwab Fundamental U.S. Small Company Index (FNDA),Small Cap,24.68,29.68,0.083
5/1/2020,Schwab Fundamental U.S. Small Company Index (FNDA),Small Cap,28.969999,31.18,
6/1/2020,Schwab Fundamental U.S. Small Company Index (FNDA),Small Cap,31.290001,31.719999,
7/1/2020,Schwab Fundamental U.S. Small Company Index (FNDA),Small Cap,31.76,33.029999,0.124
8/1/2020,Schwab Fundamental U.S. Small Company Index (FNDA),Small Cap,33.220001,34.779999,
9/1/2020,Schwab Fundamental U.S. Small Company Index (FNDA),Small Cap,34.740002,33.049999,
10/1/2020,Schwab Fundamental U.S. Small Company Index (FNDA),Small Cap,33.200001,33.82,0.14
11/1/2020,Schwab Fundamental U.S. Small Company Index (FNDA),Small Cap,34.119999,40.16,
12/1/2020,Schwab Fundamental U.S. Small Company Index (FNDA),Small Cap,40.689999,42.919998,0.163
1/1/2021,Schwab Fundamental U.S. Small Company Index (FNDA),Small Cap,43.23,44.509998,0.051
2/1/2021,Schwab Fundamental U.S. Small Company Index (FNDA),Small Cap,44.939999,48.799999,
3/1/2021,Schwab Fundamental U.S. Small Company Index (FNDA),Small Cap,49.650002,50.66,
4/1/2021,Schwab Fundamental U.S. Small Company Index (FNDA),Small Cap,50.98,52,0.036
5/1/2021,Schwab Fundamental U.S. Small Company Index (FNDA),Small Cap,52.48,52.830002,
6/1/2016,Vanguard FTSE All-World ex-US Small-Cap Index Fund (VSS),Small Cap,95.699997,93.089996,0.796
7/1/2016,Vanguard FTSE All-World ex-US Small-Cap Index Fund (VSS),Small Cap,93.330002,97.709999,
8/1/2016,Vanguard FTSE All-World ex-US Small-Cap Index Fund (VSS),Small Cap,97.370003,97.199997,
9/1/2016,Vanguard FTSE All-World ex-US Small-Cap Index Fund (VSS),Small Cap,97.529999,99.529999,0.469
10/1/2016,Vanguard FTSE All-World ex-US Small-Cap Index Fund (VSS),Small Cap,99.68,96.589996,
11/1/2016,Vanguard FTSE All-World ex-US Small-Cap Index Fund (VSS),Small Cap,96.959999,94.489998,
12/1/2016,Vanguard FTSE All-World ex-US Small-Cap Index Fund (VSS),Small Cap,94.540001,94.029999,
1/1/2017,Vanguard FTSE All-World ex-US Small-Cap Index Fund (VSS),Small Cap,94.43,98.540001,1.459
2/1/2017,Vanguard FTSE All-World ex-US Small-Cap Index Fund (VSS),Small Cap,99.059998,100.150002,
3/1/2017,Vanguard FTSE All-World ex-US Small-Cap Index Fund (VSS),Small Cap,100.580002,102.650002,
4/1/2017,Vanguard FTSE All-World ex-US Small-Cap Index Fund (VSS),Small Cap,102.690002,105.480003,0.074
5/1/2017,Vanguard FTSE All-World ex-US Small-Cap Index Fund (VSS),Small Cap,106,107.669998,
6/1/2017,Vanguard FTSE All-World ex-US Small-Cap Index Fund (VSS),Small Cap,108.199997,108.120003,
7/1/2017,Vanguard FTSE All-World ex-US Small-Cap Index Fund (VSS),Small Cap,107.860001,112.029999,0.824
8/1/2017,Vanguard FTSE All-World ex-US Small-Cap Index Fund (VSS),Small Cap,112.290001,113.080002,
9/1/2017,Vanguard FTSE All-World ex-US Small-Cap Index Fund (VSS),Small Cap,113.720001,114.93,
10/1/2017,Vanguard FTSE All-World ex-US Small-Cap Index Fund (VSS),Small Cap,114.720001,116.629997,0.473
11/1/2017,Vanguard FTSE All-World ex-US Small-Cap Index Fund (VSS),Small Cap,117.199997,117.639999,
12/1/2017,Vanguard FTSE All-World ex-US Small-Cap Index Fund (VSS),Small Cap,117.059998,119.230003,
1/1/2018,Vanguard FTSE All-World ex-US Small-Cap Index Fund (VSS),Small Cap,120,124.510002,2.006
2/1/2018,Vanguard FTSE All-World ex-US Small-Cap Index Fund (VSS),Small Cap,124.699997,119,
3/1/2018,Vanguard FTSE All-World ex-US Small-Cap Index Fund (VSS),Small Cap,118.82,119.239998,
4/1/2018,Vanguard FTSE All-World ex-US Small-Cap Index Fund (VSS),Small Cap,119,119.610001,0.04
5/1/2018,Vanguard FTSE All-World ex-US Small-Cap Index Fund (VSS),Small Cap,119.360001,119.449997,
6/1/2018,Vanguard FTSE All-World ex-US Small-Cap Index Fund (VSS),Small Cap,120.080002,115.410004,
7/1/2018,Vanguard FTSE All-World ex-US Small-Cap Index Fund (VSS),Small Cap,113.82,116.519997,0.704
8/1/2018,Vanguard FTSE All-World ex-US Small-Cap Index Fund (VSS),Small Cap,116.699997,114.519997,
9/1/2018,Vanguard FTSE All-World ex-US Small-Cap Index Fund (VSS),Small Cap,112.849998,112.160004,
10/1/2018,Vanguard FTSE All-World ex-US Small-Cap Index Fund (VSS),Small Cap,112.800003,100.82,0.371
11/1/2018,Vanguard FTSE All-World ex-US Small-Cap Index Fund (VSS),Small Cap,102.169998,101.959999,
12/1/2018,Vanguard FTSE All-World ex-US Small-Cap Index Fund (VSS),Small Cap,103.459999,94.68,
1/1/2019,Vanguard FTSE All-World ex-US Small-Cap Index Fund (VSS),Small Cap,93.959999,101.760002,1.536
2/1/2019,Vanguard FTSE All-World ex-US Small-Cap Index Fund (VSS),Small Cap,101.809998,103.870003,
3/1/2019,Vanguard FTSE All-World ex-US Small-Cap Index Fund (VSS),Small Cap,104.43,104.129997,
4/1/2019,Vanguard FTSE All-World ex-US Small-Cap Index Fund (VSS),Small Cap,105.029999,106.709999,0.044
5/1/2019,Vanguard FTSE All-World ex-US Small-Cap Index Fund (VSS),Small Cap,106.650002,101.080002,
6/1/2019,Vanguard FTSE All-World ex-US Small-Cap Index Fund (VSS),Small Cap,100.900002,105.260002,
7/1/2019,Vanguard FTSE All-World ex-US Small-Cap Index Fund (VSS),Small Cap,106.169998,102.989998,0.856
8/1/2019,Vanguard FTSE All-World ex-US Small-Cap Index Fund (VSS),Small Cap,102.940002,100.349998,
9/1/2019,Vanguard FTSE All-World ex-US Small-Cap Index Fund (VSS),Small Cap,99.540001,101.949997,
10/1/2019,Vanguard FTSE All-World ex-US Small-Cap Index Fund (VSS),Small Cap,101.82,105.690002,0.562
11/1/2019,Vanguard FTSE All-World ex-US Small-Cap Index Fund (VSS),Small Cap,106.239998,107.540001,
12/1/2019,Vanguard FTSE All-World ex-US Small-Cap Index Fund (VSS),Small Cap,107.629997,111.099998,
1/1/2020,Vanguard FTSE All-World ex-US Small-Cap Index Fund (VSS),Small Cap,111.68,106.910004,2.15
2/1/2020,Vanguard FTSE All-World ex-US Small-Cap Index Fund (VSS),Small Cap,106.790001,98.589996,
3/1/2020,Vanguard FTSE All-World ex-US Small-Cap Index Fund (VSS),Small Cap,98.199997,78.25,
4/1/2020,Vanguard FTSE All-World ex-US Small-Cap Index Fund (VSS),Small Cap,75.57,87.339996,
5/1/2020,Vanguard FTSE All-World ex-US Small-Cap Index Fund (VSS),Small Cap,85.599998,92.910004,
6/1/2020,Vanguard FTSE All-World ex-US Small-Cap Index Fund (VSS),Small Cap,93.709999,96.620003,
7/1/2020,Vanguard FTSE All-World ex-US Small-Cap Index Fund (VSS),Small Cap,96.720001,101.699997,
8/1/2020,Vanguard FTSE All-World ex-US Small-Cap Index Fund (VSS),Small Cap,102.43,107.650002,
9/1/2020,Vanguard FTSE All-World ex-US Small-Cap Index Fund (VSS),Small Cap,107.860001,105.290001,
10/1/2020,Vanguard FTSE All-World ex-US Small-Cap Index Fund (VSS),Small Cap,105.980003,102.43,0.342
11/1/2020,Vanguard FTSE All-World ex-US Small-Cap Index Fund (VSS),Small Cap,103.169998,115.82,
12/1/2020,Vanguard FTSE All-World ex-US Small-Cap Index Fund (VSS),Small Cap,117.589996,121.839996,
1/1/2021,Vanguard FTSE All-World ex-US Small-Cap Index Fund (VSS),Small Cap,123.550003,121.059998,1.967
2/1/2021,Vanguard FTSE All-World ex-US Small-Cap Index Fund (VSS),Small Cap,122.519997,125.900002,
3/1/2021,Vanguard FTSE All-World ex-US Small-Cap Index Fund (VSS),Small Cap,127.5,128.369995,
4/1/2021,Vanguard FTSE All-World ex-US Small-Cap Index Fund (VSS),Small Cap,129.240005,133.850006,
5/1/2021,Vanguard FTSE All-World ex-US Small-Cap Index Fund (VSS),Small Cap,134.720001,134.160004,
6/1/2016,S&P 500 (GCSPC),Market,2093.94,2098.86,
7/1/2016,S&P 500 (GCSPC),Market,2099.34,2173.6,
8/1/2016,S&P 500 (GCSPC),Market,2173.15,2170.95,
9/1/2016,S&P 500 (GCSPC),Market,2171.33,2168.27,
10/1/2016,S&P 500 (GCSPC),Market,2164.33,2126.15,
11/1/2016,S&P 500 (GCSPC),Market,2128.68,2198.81,
12/1/2016,S&P 500 (GCSPC),Market,2200.17,2238.83,
1/1/2017,S&P 500 (GCSPC),Market,2251.57,2278.87,
2/1/2017,S&P 500 (GCSPC),Market,2285.59,2363.64,
3/1/2017,S&P 500 (GCSPC),Market,2380.13,2362.72,
4/1/2017,S&P 500 (GCSPC),Market,2362.34,2384.2,
5/1/2017,S&P 500 (GCSPC),Market,2388.5,2411.8,
6/1/2017,S&P 500 (GCSPC),Market,2415.65,2423.41,
7/1/2017,S&P 500 (GCSPC),Market,2431.39,2470.3,
8/1/2017,S&P 500 (GCSPC),Market,2477.1,2471.65,
9/1/2017,S&P 500 (GCSPC),Market,2474.42,2519.36,
10/1/2017,S&P 500 (GCSPC),Market,2521.2,2575.26,
11/1/2017,S&P 500 (GCSPC),Market,2583.21,2647.58,
12/1/2017,S&P 500 (GCSPC),Market,2645.1,2673.61,
1/1/2018,S&P 500 (GCSPC),Market,2683.73,2823.81,
2/1/2018,S&P 500 (GCSPC),Market,2816.45,2713.83,
3/1/2018,S&P 500 (GCSPC),Market,2715.22,2640.87,
4/1/2018,S&P 500 (GCSPC),Market,2633.45,2648.05,
5/1/2018,S&P 500 (GCSPC),Market,2642.96,2705.27,
6/1/2018,S&P 500 (GCSPC),Market,2718.7,2718.37,
7/1/2018,S&P 500 (GCSPC),Market,2704.95,2816.29,
8/1/2018,S&P 500 (GCSPC),Market,2821.17,2901.52,
9/1/2018,S&P 500 (GCSPC),Market,2896.96,2913.98,
10/1/2018,S&P 500 (GCSPC),Market,2926.29,2711.74,
11/1/2018,S&P 500 (GCSPC),Market,2717.58,2760.17,
12/1/2018,S&P 500 (GCSPC),Market,2790.5,2506.85,
1/1/2019,S&P 500 (GCSPC),Market,2476.96,2704.1,
2/1/2019,S&P 500 (GCSPC),Market,2702.32,2784.49,
3/1/2019,S&P 500 (GCSPC),Market,2798.22,2834.4,
4/1/2019,S&P 500 (GCSPC),Market,2848.63,2945.83,
5/1/2019,S&P 500 (GCSPC),Market,2952.33,2752.06,
6/1/2019,S&P 500 (GCSPC),Market,2751.53,2941.76,
7/1/2019,S&P 500 (GCSPC),Market,2971.41,2980.38,
8/1/2019,S&P 500 (GCSPC),Market,2980.32,2926.46,
9/1/2019,S&P 500 (GCSPC),Market,2909.01,2976.74,
10/1/2019,S&P 500 (GCSPC),Market,2983.69,3037.56,
11/1/2019,S&P 500 (GCSPC),Market,3050.72,3140.98,
12/1/2019,S&P 500 (GCSPC),Market,3143.85,3230.78,
1/1/2020,S&P 500 (GCSPC),Market,3244.67,3225.52,
2/1/2020,S&P 500 (GCSPC),Market,3235.66,2954.22,
3/1/2020,S&P 500 (GCSPC),Market,2974.28,2584.59,
4/1/2020,S&P 500 (GCSPC),Market,2498.08,2912.43,
5/1/2020,S&P 500 (GCSPC),Market,2869.09,3044.31,
6/1/2020,S&P 500 (GCSPC),Market,3038.78,3100.29,
7/1/2020,S&P 500 (GCSPC),Market,3105.92,3271.12,
8/1/2020,S&P 500 (GCSPC),Market,3288.26,3500.31,
9/1/2020,S&P 500 (GCSPC),Market,3507.44,3363,
10/1/2020,S&P 500 (GCSPC),Market,3385.87,3269.96,
11/1/2020,S&P 500 (GCSPC),Market,3296.2,3621.63,
12/1/2020,S&P 500 (GCSPC),Market,3645.87,3756.07,
1/1/2021,S&P 500 (GCSPC),Market,3764.61,3714.24,
2/1/2021,S&P 500 (GCSPC),Market,3731.17,3811.15,
3/1/2021,S&P 500 (GCSPC),Market,3842.51,3972.89,
4/1/2021,S&P 500 (GCSPC),Market,3992.78,4181.17,
5/1/2021,S&P 500 (GCSPC),Market,4191.98,4232.6,
